$MeshFormat
4.1 0 8
$EndMeshFormat
$PhysicalNames
7
0 1 "bottom"
0 3 "coastline"
1 1 "bottom"
1 3 "coastline"
2 1 "bottom"
2 2 "surface"
3 4 "interior"
$EndPhysicalNames
$Entities
3 3 3 1
1 0 0 -0.5 1 1 
2 0.5 0 -0.5 0 
3 1 0 0 1 3 
1 -9.999999994736442e-08 -1e-07 -0.5000000999999999 1.0000001 1e-07 9.999999997511999e-08 1 1 2 1 -3 
2 -1e-07 -1e-07 -0.5000000999999999 1e-07 1e-07 -0.4999999 0 2 1 -1 
3 -1.0000001 -1.0000001 -1e-07 1.0000001 1.0000001 1e-07 1 3 2 3 -3 
1 -1.0000001 -1.0000001 -0.5000000999999999 1.0000001 1.0000001 9.999999997511999e-08 0 4 2 1 -3 -1 
2 -1.551338469909845 -1.553014708127008 -1e-07 1.554698059896041 1.553014708127007 1e-07 1 2 1 3 
3 -1.0000001 -1.0000001 -0.5000000999999999 1.0000001 1.0000001 9.999999997511999e-08 1 1 4 2 1 -3 -1 
1 -1.551338469909845 -1.553014708127008 -0.5000000999999999 1.554698059896041 1.553014708127007 9.999999997511999e-08 1 4 2 3 2 
$EndEntities
$Nodes
7 1167 1 1167
0 1 0 1
1
0 0 -0.5
0 3 0 1
2
1 0 0
1 1 0 11
3
4
5
6
7
8
9
10
11
12
13
0.09550447471244639 0 -0.4954394476549498
0.1901590201595533 0 -0.4819197735259793
0.2832068614934338 0 -0.4598969368015195
0.3740499119891414 0 -0.4300433316704578
0.4622740710983675 0 -0.3931513415950708
0.54763914088052 0 -0.350045685687823
0.6300479124173857 0 -0.3015198140292472
0.7095088052475349 0 -0.2482986276381079
0.7861013040529032 0 -0.1910223698831625
0.8599483320846641 0 -0.1302444330724021
0.9311960427058494 0 -0.06643696502448282
1 3 0 62
14
15
16
17
18
19
20
21
22
23
24
25
26
27
28
29
30
31
32
33
34
35
36
37
38
39
40
41
42
43
44
45
46
47
48
49
50
51
52
53
54
55
56
57
58
59
60
61
62
63
64
65
66
67
68
69
70
71
72
73
74
75
0.9950307753654014 0.09956784659581641 0
0.9801724878485439 0.1981461431993971 0
0.955572805786141 0.2947551744109034 0
0.9214762118704081 0.3884347962746937 0
0.8782215733702291 0.4782539786213171 0
0.8262387743159958 0.5633200580636207 0
0.7660444431189791 0.642787609686538 0
0.6982368180860742 0.7158668492597171 0
0.6234898018587353 0.7818314824680284 0
0.5425462638657613 0.8400259231507702 0
0.4562106573531652 0.8898718088114674 0
0.3653410243663976 0.9308737486442032 0
0.2708404681430079 0.9626242469500113 0
0.1736481776669335 0.9848077530122075 0
0.07473009358642749 0.9972037971811799 0
-0.02493069173806936 0.9996891820008164 0
-0.1243437046474812 0.9922392066001726 0
-0.22252093395631 0.9749279121818246 0
-0.3184866502516801 0.9479273461671333 0
-0.4112871031306069 0.9115058523116752 0
-0.4999999999999956 0.8660254037844412 0
-0.5837436722347853 0.8119380057158597 0
-0.6616858375968552 0.7497812029677379 0
-0.7330518718298221 0.6801727377709239 0
-0.797132507222919 0.6038044103254819 0
-0.8532908816321524 0.5214352033795034 0
-0.9009688679024164 0.4338837391175638 0
-0.9396926207859061 0.3420201433256752 0
-0.9690772862290763 0.2467573976903003 0
-0.9888308262251275 0.1490422661761813 0
-0.998756921218922 0.04984588566070414 0
-0.9987569212189228 -0.0498458856606897 0
-0.9888308262251297 -0.1490422661761666 0
-0.96907728622908 -0.2467573976902858 0
-0.939692620785911 -0.3420201433256616 0
-0.9009688679024225 -0.4338837391175512 0
-0.8532908816321595 -0.5214352033794919 0
-0.7971325072229264 -0.6038044103254722 0
-0.7330518718298308 -0.6801727377709146 0
-0.6616858375968644 -0.7497812029677299 0
-0.5837436722347948 -0.8119380057158528 0
-0.500000000000005 -0.8660254037844357 0
-0.4112871031306164 -0.9115058523116709 0
-0.3184866502516892 -0.9479273461671301 0
-0.2225209339563189 -0.9749279121818226 0
-0.1243437046474902 -0.9922392066001714 0
-0.0249306917380776 -0.9996891820008161 0
0.07473009358641994 -0.9972037971811805 0
0.1736481776669265 -0.9848077530122088 0
0.2708404681430008 -0.9626242469500133 0
0.3653410243663913 -0.9308737486442057 0
0.4562106573531597 -0.8898718088114703 0
0.5425462638657567 -0.8400259231507732 0
0.6234898018587313 -0.7818314824680316 0
0.6982368180860711 -0.7158668492597202 0
0.7660444431189761 -0.6427876096865416 0
0.8262387743159935 -0.5633200580636242 0
0.8782215733702274 -0.4782539786213201 0
0.9214762118704073 -0.3884347962746956 0
0.9555728057861406 -0.2947551744109047 0
0.9801724878485438 -0.1981461431993977 0
0.9950307753654013 -0.09956784659581729 0
2 2 0 351
76
77
78
79
80
81
82
83
84
85
86
87
88
89
90
91
92
93
94
95
96
97
98
99
100
101
102
103
104
105
106
107
108
109
110
111
112
113
114
115
116
117
118
119
120
121
122
123
124
125
126
127
128
129
130
131
132
133
134
135
136
137
138
139
140
141
142
143
144
145
146
147
148
149
150
151
152
153
154
155
156
157
158
159
160
161
162
163
164
165
166
167
168
169
170
171
172
173
174
175
176
177
178
179
180
181
182
183
184
185
186
187
188
189
190
191
192
193
194
195
196
197
198
199
200
201
202
203
204
205
206
207
208
209
210
211
212
213
214
215
216
217
218
219
220
221
222
223
224
225
226
227
228
229
230
231
232
233
234
235
236
237
238
239
240
241
242
243
244
245
246
247
248
249
250
251
252
253
254
255
256
257
258
259
260
261
262
263
264
265
266
267
268
269
270
271
272
273
274
275
276
277
278
279
280
281
282
283
284
285
286
287
288
289
290
291
292
293
294
295
296
297
298
299
300
301
302
303
304
305
306
307
308
309
310
311
312
313
314
315
316
317
318
319
320
321
322
323
324
325
326
327
328
329
330
331
332
333
334
335
336
337
338
339
340
341
342
343
344
345
346
347
348
349
350
351
352
353
354
355
356
357
358
359
360
361
362
363
364
365
366
367
368
369
370
371
372
373
374
375
376
377
378
379
380
381
382
383
384
385
386
387
388
389
390
391
392
393
394
395
396
397
398
399
400
401
402
403
404
405
406
407
408
409
410
411
412
413
414
415
416
417
418
419
420
421
422
423
424
425
426
0.9177510022495999 -0.04089297898720672 0
-0.9220729267250154 0.01452469898759675 0
0.02519855759727502 0.914855397498574 0
-0.06882844852914163 -0.9175329752564853 0
-0.6370861555344532 0.653172171756232 0
0.6717689894033693 0.6261527811821714 0
0.6037362618626809 -0.6841163509539117 0
-0.7047819036734473 -0.5882293101807624 0
-0.3333449377685379 0.8493490495635528 0
-0.839731447114757 0.3574101171472407 0
0.3754582260373296 0.8412144928058023 0
0.2905940081390518 -0.8649091154358945 0
0.8573955764773116 0.3120664688292519 0
-0.4062643302856953 -0.8269142807724686 0
0.8220631989609939 -0.39588477167534 0
-0.8421982456408897 -0.3637454343860232 0
-0.4914140454021871 0.7812966746968428 0
0.4576530226362356 -0.7896207590508697 0
0.5326201688719668 0.7408295426352929 0
0.1927943034964081 0.9084647410354503 0
-0.7716794017432569 0.5108314001629566 0
0.7866541162523745 0.480749723492382 0
-0.894319914547326 -0.1798052155019692 0
-0.8943302700017375 0.1807927644819884 0
0.899168869230868 0.135289502996595 0
-0.1574833039218282 0.8945159244260121 0
0.8842067715531737 -0.2251467092140895 0
-0.2566016053771641 -0.8846991338220238 0
0.7273206902354876 -0.5509240138946516 0
0.1148807198482066 -0.9093825645268467 0
-0.5703998593960159 -0.7117700068173155 0
-0.7049500323784461 0.5805862992323353 0
-0.6119629030955638 0.5543977635718464 0
-0.5426414219879809 0.6226838013115532 0
-0.5190183186130006 0.5275975255017256 0
-0.4470133945170675 0.5951099826195428 0
-0.4239958451990793 0.4990904741810294 0
-0.4968156921035127 0.4312983440992893 0
-0.4014838734120304 0.4022828265403766 0
-0.3286023273656311 0.4703161685479053 0
-0.306132235619971 0.3732419676916942 0
-0.3790169034572792 0.30523620553002 0
-0.2836695320725579 0.2761359767621669 0
-0.2107831604066895 0.3441533877126381 0
-0.1883228324722802 0.2470287655538644 0
-0.2612088551749274 0.1790142990284476 0
-0.1658627932431624 0.1499018629978865 0
-0.09297665260643662 0.2179172390300226 0
-0.07051679765490945 0.1207887799928885 0
-0.1434029101964718 0.05277368619691768 0
-0.04805691619765767 0.0236601803772368 0
0.02482915677529658 0.09167534498838863 0
0.0472890133273628 -0.005453441730063555 0
-0.02559709773001023 -0.07346862057962673 0
0.06974884174877188 -0.1025822498998235 0
0.1201751144309727 0.06256174433239954 0
-0.003137259354841687 -0.1705974359622832 0
0.09220867017018024 -0.1997110580695834 0
0.01932256906656691 -0.2677262441320432 0
-0.07602336260395662 -0.2386126139983503 0
0.1146684985915889 -0.296839866239343 0
0.1875545996952025 -0.2288246801768835 0
-0.05356351610415331 -0.3357414309928997 0
-0.1489094411892216 -0.30662779883584 0
0.210014428116611 -0.3259534883466436 0
0.2829005292202249 -0.2579383022841841 0
-0.1264496331406592 -0.4037566162569623 0
-0.2217955487457803 -0.3746429825882579 0
-0.2442553910870909 -0.277514185979903 0
-0.3171414912983489 -0.3455293625665647 0
-0.3396013206121135 -0.2484005638726035 0
0.3053603576416331 -0.3550671104539446 0
0.3782464587452466 -0.287051924391485 0
0.3557866303238386 -0.189923116221725 0
0.232474268561672 -0.4230823203256037 0
0.4511325598488611 -0.2190367383290258 0
0.4286727314274519 -0.1219079301592659 0
0.09771528600955789 0.1596905525021582 0
0.1930611870711021 0.1305769455219718 0
0.1706013871131671 0.2277057385646221 0
0.2659473166381912 0.1985921164573279 0
0.243487488216776 0.2957209246270859 0
0.3388333927932141 0.266607342476986 0
0.3163735890405033 0.3637361831821097 0
0.2210276663465354 0.3928497553597211 0
-0.4124874217157265 -0.3164157499350641 0
-0.4349472501371361 -0.219286941765304 0
-0.1993356789956016 -0.4717717816929131 0
-0.1039897743671944 -0.5008854100203016 0
0.4117194822515487 0.3346226591375134 0
0.4341793472668242 0.2374936804124991 0
0.5240186609524737 -0.1510215522665655 0
0.2939137747900764 0.4608649912175934 0
0.1985678535948136 0.489978563743901 0
0.400706287166656 -0.3841807325612452 0
-0.3900275932943169 -0.4135445581048242 0
-0.5078333596828294 -0.2873021193440874 0
-0.5302931796621585 -0.1901733196580047 0
-0.4574070785585463 -0.1221581335955443 0
-0.5527530080835685 -0.09304451148824489 0
0.5070654483704319 0.3055088664749639 0
0.529525276791849 0.2083800583052065 0
-0.4798669334498699 -0.02502932777292138 0
-0.5752128365049778 0.004084296681514742 0
0.1256817302703369 0.421963354904138 0
0.1032219018489217 0.5190921630738965 0
0.5464784893738838 -0.2481503604363254 0
-0.176875905822862 -0.5689006104891842 0
-0.08152997629783895 -0.5980142325964835 0
0.1761080508256243 0.5871073596017699 0
0.08076211469884864 0.6162209571144687 0
0.007875972323898001 0.5482057851811909 0
0.4846056331542975 0.4026377143282082 0
-0.01458385609751729 0.6453345933509501 0
0.6193645904774967 -0.1801351743738645 0
0.5969047620560868 -0.08300636620410493 0
-0.6480989376085908 -0.06393088938094543 0
-0.6701591639638623 0.03329033356964298 0
-0.5976061290145962 0.1012284882607682 0
-0.08746995720112581 0.5773194072884853 0
-0.2667152195085009 -0.1803853778101431 0
0.4566391756882411 0.1403648722427413 0
0.2155209976854435 0.03344813210149186 0
-0.008643875194226248 -0.5299990465340222 0
0.01381595322718402 -0.6271278547037824 0
0.602411377895457 0.2763952443676723 0
0.624871175100429 0.1792664666374676 0
-0.6031793107233896 -0.2581884763562505 0
-0.5807194523443615 -0.3553173138902248 0
-0.1099297565202907 0.6744481916941452 0
-0.1544160774014516 -0.6660294186589448 0
-0.2497619652038298 -0.6369157689571062 0
0.6922505639331917 -0.1121199886336229 0
-0.6925412878866285 0.1304370933306724 0
-0.6200419316663768 0.198363047505741 0
0.6418243209659819 -0.2772640423487419 0
0.1536481745311155 0.6842361573061202 0
0.2489941040561394 0.6551225351988258 0
-0.1828158867261496 0.6064330293957789 0
-0.5247733143786091 0.1692315664131041 0
-0.06501009145004708 0.4801905856589217 0
0.07525545758814339 0.2568193606719167 0
0.6697908631596985 -0.01499118014164419 0
0.5689383177952936 -0.3452791686060857 0
-0.3845209774549336 -0.05414294753308405 0
-0.4069808058763428 0.0429858606366758 0
0.08670205433079646 -0.5591126686413219 0
0.1091618827522067 -0.6562414768110822 0
0.0362757816485937 -0.724256662873543 0
0.1820480070503826 -0.5882262999927936 0
0.2045078122772292 -0.6853550989183808 0
0.2773939133808416 -0.6173399128559199 0
-0.2052757151475653 0.7035618375655376 0
-0.03776529502455772 0.7444986354529533 0
-0.7153837974062576 0.227477426787221 0
-0.6425614620898141 0.2954784725816951 0
-0.7405902424281466 -0.03385117655156245 0
-0.7205093033216641 -0.1317850341264913 0
0.6966108514593163 0.247016662670429 0
0.7189984699666547 0.149871170492852 0
-0.2790657780029746 0.6365331630806967 0
-0.3116349231758797 0.01387227621897091 0
0.5744448888104287 0.01412245446927189 0
0.3333268019024302 -0.09279430805196502 0
0.4062129030060437 -0.02477912198950583 0
0.06424222590938693 -0.4619838604715618 0
0.6731313778152017 0.341578547620016 0
0.6603754249443168 -0.3743674635952067 0
0.5900900481745782 -0.4417002529001751 0
-0.6751695021674711 -0.3259964858831243 0
-0.65329701817532 -0.4227764894251148 0
-0.5580672944073523 -0.4518919985703916 0
0.2976384542740876 -0.709525297864007 0
0.3709514157088907 -0.6441087798174919 0
0.3499820172281087 -0.5489340037179319 0
0.4452361929516855 -0.5779374495104336 0
0.7613719789176224 -0.04497532804174716 0
-0.2260774045146069 -0.7300337834821861 0
-0.1312393669898963 -0.7561373814365802 0
-0.3207235371812725 -0.6986282146937314 0
-0.3447871160797018 -0.6067516921453603 0
-0.4166971024230459 -0.6708058728665112 0
-0.4402270643322852 -0.5778994244333147 0
0.2257808265255087 0.7497837555479958 0
0.1290665860746717 0.7744160329436334 0
0.7488979990883105 -0.3172661979341275 0
0.7998521817715853 -0.1497924868364344 0
0.3210978074188924 0.7205753514436913 0
0.3442096792018179 0.625581914058454 0
0.424586029195745 0.6978250369230869 0
0.4396859631061868 0.596895290984237 0
-0.3031227326820549 0.7383336961238811 0
-0.2283952076382172 0.8025021326607026 0
0.474855976691542 -0.6813646965722748 0
0.801960892855752 0.2159049713641708 0
-0.8151272268333055 -0.1062862414139177 0
-0.7891510238357782 0.1573383704537423 0
-0.7400454781383055 0.3245113309488046 0
-0.6646230859526953 0.3898961739873586 0
0.2287274850607989 -0.7908342608789815 0
-0.7945958641991597 -0.2008524454729976 0
-0.4004250006212237 0.7599282873673787 0
-0.3757855034264622 0.6654241649531305 0
-0.7466674568925937 -0.390704155705287 0
-0.5897487969943576 0.4573650584292959 0
-0.4743617217418329 0.334318050808659 0
-0.3513844839472074 0.5675119500554571 0
-0.2332444253890653 0.4412741097819517 0
-0.2559114498639115 0.5385620611924447 0
-0.1603912636383782 0.5093257284175032 0
-0.13790255851129 0.4121753514413072 0
-0.04255131584463295 0.3830617797991537 0
-0.3565553404488494 0.208124429685502 0
-0.4518991197427738 0.2372305170263224 0
0.0303357072153306 0.4510769839822201 0
0.05279548091377759 0.3539481996882015 0
-0.02009066071746948 0.2859329127180907 0
0.002369293580274927 0.1888040538865811 0
-0.1154374312057989 0.3150453921874234 0
-0.2387488952655039 0.08188698015934691 0
-0.3340949650008487 0.1109997479940033 0
-0.1209429902714196 -0.04435491716336484 0
-0.2162890338008293 -0.01524145303928606 0
-0.09848321075258279 -0.1414838051620904 0
-0.1713693162524 -0.2094990018069859 0
0.7408188109764441 0.05259444506533828 0
0.8380228835187782 0.02391038143881815 0
0.6470693441380566 0.08207725632567378 0
0.5519413558499037 0.111241253392863 0
0.4790916154710036 0.04323440222474107 0
0.501557480251801 -0.05389304838169654 0
0.3837517674284797 0.0723494017204625 0
0.3612932703484009 0.1694782692105216 0
0.3108666584223513 0.004334446119037001 0
0.2884068135311026 0.1014632565180331 0
0.142634942852385 -0.03456706383736361 0
0.2379807758744475 -0.06368068933349122 0
0.2604406757600471 -0.1608094868628231 0
0.4958341857366032 -0.4131765152706325 0
0.4735559814357738 -0.3161460283055016 0
0.4230151720227427 -0.4811414307405447 0
0.327745378323329 -0.452102881268829 0
0.5183712055076163 -0.5103160505985068 0
0.6200160667651067 -0.5356240189174627 0
-0.3675211965705756 -0.5105169839130602 0
-0.294673861935663 -0.4426320899161739 0
-0.2721592225971806 -0.5395814332804966 0
0.5795904862920147 0.3730521686850793 0
0.5571902698399476 0.4697839501481851 0
0.4620956004810537 0.4996218176421879 0
0.5316848207607904 0.5618489217706699 0
0.3892513034554566 0.4317273681931674 0
0.05782850141482493 0.7125307394691547 0
-0.05895055056285768 -0.6939728355188526 0
-0.03110368499150595 -0.4328702189631565 0
-0.2891751029911137 -0.08325656163178306 0
-0.3620611729116293 -0.1512717525801483 0
0.165094771273794 -0.1316958720071239 0
-0.4853414718152884 -0.3843385521585313 0
-0.6255598853537867 -0.161032835210581 0
-0.6975083302722332 -0.2289503616891029 0
-0.1337804409029624 0.7785551064628363 0
-0.05631087692536286 0.8458936676899953 0
0.04178240647480647 -0.3648550515062599 0
0.1319213696946951 -0.7518672731143681 0
0.05825884257289511 -0.827587377875983 0
-0.8116732815512718 0.2537482462502197 0
-0.8547773305171069 0.08475715497060791 0
0.1481415586917519 0.3248345467343795 0
0.714710627825093 -0.2092484433666169 0
0.2714322724040246 0.5579226509092272 0
-0.03730817464860292 -0.7841258913937491 0
0.1595881631245509 -0.4910975325027833 0
-0.5023135172377561 0.0721025864767586 0
0.1371283444370086 -0.3939686723209492 0
0.254872013499496 -0.5201305582511648 0
-0.4294394796415227 0.1401140917112969 0
-0.4628307111960254 -0.4812943675916075 0
-0.5348162865465866 -0.5476281858536168 0
-0.1938291753143892 -0.1123702152373778 0
0.3667647916341855 0.5287690978565451 0
0.03697121768288986 0.8105473623271735 0
0.6482348870095614 0.4341550991473762 0
-0.5692262305297923 0.3624523657483221 0
-0.5471440040050549 0.2661789797649891 0
0.5518466495616577 -0.6040079081388084 0
-0.7225252950506278 -0.4830390201532795 0
-0.7619465910261142 0.06190292865733743 0
-0.7538413576951768 0.4187488335275686 0
-0.6303003754936323 -0.5176928227483536 0
-0.3051331869656712 -0.7948328145445809 0
0.6348332594190761 0.5363715926369204 0
-0.7727967606644757 -0.2969817550236367 0
0.6828043899472911 -0.4672997720566175 0
0.7997938637875537 0.1155142966409899 0
0.7637654147381854 0.3137063578352313 0
-0.5102477832716259 -0.6392721963055157 0
-0.6012902802803879 -0.6130636047384669 0
0.1160466142755988 0.8611335350773377 0
0.661201447822801 -0.6222201952494664 0
0.3790339201196051 -0.8400254561445405 0
0.9025505080373324 -0.1320231636836652 0
-0.8687782950079967 -0.2716930172382029 0
0.854884551860977 -0.3104641002089109 0
-0.5638451300891721 0.7169353332328108 0
0.6047199510208637 0.6892567088400843 0
0.5404524331601002 -0.755387583382684 0
0.4527479633837309 0.794865792014956 0
0.0229778088820975 -0.9212929048800129 0
-0.4883026733106547 -0.7775295664643381 0
0.281759699854706 0.8759874941910737 0
-0.9072575030587545 -0.07850077532125468 0
0.7321514134329506 0.5564465216650073 0
0.8289567684091388 0.3986395535641853 0
-0.1639255574929273 -0.9037888312437654 0
0.8988797359477384 0.2312425323724349 0
0.2050737743240569 -0.8984869112775447 0
0.7828429761507949 -0.4788430415806317 0
-0.2520445562130019 0.8938391887419593 0
0.5176696381297048 0.6515558805353043 0
0.384776397641769 -0.738620703079927 0
0.9300443069845198 0.04359363410302589 0
0.7971946058774373 -0.2413365348155518 0
-0.470187400105139 0.6902296481625955 0
-0.8336286404485034 -0.009575598900326075 0
0.734682853938415 0.4096884566655328 0
-0.680962642762319 0.4830779930738838 0
-0.8106464133935314 -0.4517206010481798 0
0.1477725352824211 -0.8356316573172864 0
0.7393967114349798 -0.4067323346398278 0
-0.8913975537930072 0.2749597307989115 0
-0.1990331166522358 -0.8150820726053498 0
-0.3395538324863838 -0.8731728402693365 0
-0.1026812322492359 -0.8395961533986207 0
-0.06927838938929148 0.931671664169049 0
0.8409638764252675 -0.07349931171061638 0
0.3170329975599989 -0.790231655275373 0
0.2932333074886613 0.7950359562345484 0
-0.9339059279661557 0.0943829356947274 0
-0.4292436047732026 0.8372706267240856 0
-0.6564260379676556 -0.6724388493948625 0
0.5927584400749922 0.615897010262924 0
-0.3985355500527367 -0.7450173327208922 0
0.3820501238173737 0.7621701064503716 0
-0.8271819896454859 0.4503566030100264 0
0.2064469971645064 0.8274703367473265 0
0.7073238894544716 0.4851446017283125 0
-0.01931123753915981 -0.8598593734992896 0
-0.781748576681026 -0.532836058472274 0
-0.4828841838200239 -0.7050657205849152 0
0.117410000306085 0.9382694209536639 0
2 3 0 447
427
428
429
430
431
432
433
434
435
436
437
438
439
440
441
442
443
444
445
446
447
448
449
450
451
452
453
454
455
456
457
458
459
460
461
462
463
464
465
466
467
468
469
470
471
472
473
474
475
476
477
478
479
480
481
482
483
484
485
486
487
488
489
490
491
492
493
494
495
496
497
498
499
500
501
502
503
504
505
506
507
508
509
510
511
512
513
514
515
516
517
518
519
520
521
522
523
524
525
526
527
528
529
530
531
532
533
534
535
536
537
538
539
540
541
542
543
544
545
546
547
548
549
550
551
552
553
554
555
556
557
558
559
560
561
562
563
564
565
566
567
568
569
570
571
572
573
574
575
576
577
578
579
580
581
582
583
584
585
586
587
588
589
590
591
592
593
594
595
596
597
598
599
600
601
602
603
604
605
606
607
608
609
610
611
612
613
614
615
616
617
618
619
620
621
622
623
624
625
626
627
628
629
630
631
632
633
634
635
636
637
638
639
640
641
642
643
644
645
646
647
648
649
650
651
652
653
654
655
656
657
658
659
660
661
662
663
664
665
666
667
668
669
670
671
672
673
674
675
676
677
678
679
680
681
682
683
684
685
686
687
688
689
690
691
692
693
694
695
696
697
698
699
700
701
702
703
704
705
706
707
708
709
710
711
712
713
714
715
716
717
718
719
720
721
722
723
724
725
726
727
728
729
730
731
732
733
734
735
736
737
738
739
740
741
742
743
744
745
746
747
748
749
750
751
752
753
754
755
756
757
758
759
760
761
762
763
764
765
766
767
768
769
770
771
772
773
774
775
776
777
778
779
780
781
782
783
784
785
786
787
788
789
790
791
792
793
794
795
796
797
798
799
800
801
802
803
804
805
806
807
808
809
810
811
812
813
814
815
816
817
818
819
820
821
822
823
824
825
826
827
828
829
830
831
832
833
834
835
836
837
838
839
840
841
842
843
844
845
846
847
848
849
850
851
852
853
854
855
856
857
858
859
860
861
862
863
864
865
866
867
868
869
870
871
872
873
0.04764334906719438 -0.08277207246264692 -0.4954394476549499
0.0559196441352416 0.106006688727895 -0.4928177876723676
-0.9421594153983694 -0.0001050004751302345 -0.05616781247555137
-0.8232007850822871 0.4482912542890038 -0.06068770938394898
-0.823663031208667 -0.4492884198876855 -0.0598595633874885
-0.5181642696659093 0.7758830191515531 -0.06475566511693275
-0.5033816909342111 -0.7993472673438919 -0.05382540971103347
0.3866100935235751 0.8593836602908422 -0.0559961800054034
0.3859035995875475 -0.8468991252510575 -0.06692014173718372
-0.07831141870529112 0.9427626088220836 -0.05253299255367182
-0.07004823563322977 -0.9347287445654121 -0.06068770938392005
0.3277242480957853 -0.07812467355184596 -0.4432466762962348
0.3279180831304573 0.08277862110900204 -0.4428087153216694
0.6843427198665026 -0.6360587145308925 -0.06355217671751298
0.6881117413841894 0.638641094785962 -0.05931989170990298
0.5913041452290684 -0.06738169720479795 -0.3229095573583609
0.5877159454864805 0.08279060118497485 -0.3238678418881813
0.8598369032768075 0.403309739120507 -0.04901087704694923
0.8408709871627846 -0.405027743165035 -0.06444425510726132
0.7465124070024006 0.08279738414064626 -0.2179319096854742
0.7480375565975949 -0.09310799389514997 -0.2158853576961604
0.8992865603823699 -0.235434192556188 -0.06792721164553103
0.9024836325861237 0.241396492199942 -0.06362551323385883
0.5583875614269309 -0.7609760279701585 -0.05455940804922299
0.208320215485615 -0.9158039118245824 -0.05895294145340982
0.2085799450668569 0.9138484490045747 -0.06068770938392005
0.5495863055113476 0.764283055317535 -0.05691315207444067
-0.6497111621726589 0.6742971477058899 -0.06159938117197709
-0.2677827474784601 0.9111720111849907 -0.04902898309299321
-0.2518720629406795 -0.9033104912287853 -0.06029531017300863
-0.6536060203725205 -0.6818796627010758 -0.05391964786373169
-0.9283090270020354 0.1950728571031805 -0.05009446540406792
-0.9247799408377866 -0.2024546498068785 -0.05189708789781708
0.8941833556502297 -0.08280265780747391 -0.09678992316905663
0.8941833556492828 0.0828026578073066 -0.09678992316991714
0.8245147783119728 0.08306285918067224 -0.156637970884945
0.7796914021075485 0.1647532452651843 -0.1824688428270776
0.7021943049069729 0.1655501549159959 -0.2397581521817515
0.7336488051508856 0.2481432962983934 -0.2000921676014228
0.6538291104698573 0.24830505274895 -0.2554260475407681
0.6830664966986911 0.3304129826609668 -0.2121237109884304
0.6011498297736718 0.3297583222410078 -0.2649391655379405
0.6283228668965748 0.4109793660039803 -0.2181531678269178
0.5443719091735525 0.409207943588175 -0.2681040417035392
0.5180139418987975 0.3289810560704864 -0.3117165103726084
0.4579409828448924 0.4053432118221503 -0.3129934684303787
0.4842319136116144 0.4858637111555849 -0.2647279540110782
0.3971427694728717 0.4814067313780765 -0.3052625898196469
0.3707196834313496 0.4011278729265768 -0.35083167293898
0.3057074403466081 0.4723329067528524 -0.3417222930575632
0.279431422819976 0.3916295033867889 -0.3842722060089104
0.2142683951682346 0.4628376364931576 -0.3699351885387285
0.24034828303496 0.5432206383830032 -0.3235720204384547
0.1471627128344303 0.5294694351604075 -0.349002626591065
0.1200661625929323 0.4486267571000177 -0.3921590747070646
0.05287116130366034 0.5129289250798831 -0.367054279059399
0.02513183102323161 0.4288790172252178 -0.4077155898266756
-0.04182126141486298 0.4928748433021324 -0.3776626854667841
-0.07290523907313873 0.4167272515921286 -0.4105116119480796
-0.138124563508616 0.4751438045283927 -0.3775799849869194
-0.1647693401138952 0.3856617707495915 -0.4120580315703605
-0.2316483270250448 0.4473250532707105 -0.3731196746514269
-0.2561973558874822 0.3533923450221068 -0.4047383826580195
-0.3225305928384581 0.4146205104127094 -0.3620319245141885
-0.346871311939979 0.3217532133836746 -0.3880775813151587
-0.2805436055599612 0.2616074580879807 -0.4264284116260811
-0.3697242671378125 0.2287770461286286 -0.4054825147270334
-0.4349427168327569 0.2879586896587236 -0.3639523130620856
-0.4561647653984648 0.1937600136020682 -0.3771853819689449
-0.3893988578305584 0.1338366207422375 -0.4152281442342775
-0.4740527302135443 0.09817296968316409 -0.3828180385003366
-0.4056766510775062 0.03783812215994051 -0.4169973656409743
-0.4885622604249441 0.001909277771066552 -0.380651636173431
-0.4183788535316549 -0.05851096106072554 -0.4107678011766441
-0.5019261242327719 -0.09432023421371674 -0.3695869296152688
-0.4274793634155638 -0.154509610450611 -0.3966940870661124
-0.5100324001175525 -0.1908169428792849 -0.3517279225702662
-0.4330676512197275 -0.2495084474712327 -0.3750989720537618
-0.5557349072317092 0.06211643015938822 -0.3436501309942088
-0.5115928484845896 -0.2844124502722424 -0.3286911577547815
-0.4353367950634906 -0.3429327533367115 -0.3464395007763753
-0.3554226080141916 -0.3070118761504043 -0.3897092388074995
-0.3560872866250647 -0.3990322488012001 -0.3569875543603281
-0.2749963395463645 -0.3619088540111756 -0.3966994973122091
-0.2744034706022193 -0.4523551061616617 -0.3600387966254644
-0.1923038324548121 -0.413710433960546 -0.3959314564276841
-0.1908264333008118 -0.502522901132437 -0.3555280030955649
-0.1079451503323959 -0.4620482753800501 -0.3874296178690189
-0.1059412597058875 -0.5492399830105089 -0.3435559452772728
-0.02256005196583603 -0.5066710512096719 -0.3713877449606924
-0.02035665606736676 -0.5922990026933751 -0.3243837489810941
0.06318945385416365 -0.5474526480770476 -0.3481513455175204
-0.108330535222996 0.5538209288975441 -0.3407734369266804
0.06083845037497777 -0.4603309423678472 -0.3921970532273505
0.1461445913549448 -0.4989319638236357 -0.3648543269463932
0.148255227178393 -0.5845212202487636 -0.3181776653465897
0.2306675581223564 -0.5338715778074065 -0.3308868080196498
0.2278672363523146 -0.4466327016946708 -0.3742978761870388
0.3113891840382657 -0.4796108736403537 -0.3365050929749599
-0.2724116816132165 -0.5400762831052252 -0.3170547420739521
0.4210442964798372 0.5596614471572469 -0.2547503824838275
-0.5858540886470357 -0.2245245193374332 -0.3031818635159229
-0.2749710527504374 -0.2617413478482049 -0.4279411934879606
-0.520302570373408 0.2523925765137893 -0.332791611291778
-0.4975382654363331 0.3460171569519913 -0.3163639007607331
-0.3242494552847709 0.07409326223505643 -0.4446862396194483
-0.4349963468860767 -0.4341015882523659 -0.3111669946362707
0.08031087816395198 0.5933537204604974 -0.3207407626321104
-0.2951025851934636 0.5025521287678828 -0.330177911041502
0.3136100944953341 -0.5656514295954292 -0.2908435844136374
0.3933196336091795 -0.5094969065063414 -0.2928562840390047
0.389812158992245 -0.4217000481577556 -0.3351077750427756
0.4716998699439089 -0.4510963908759267 -0.2870056394168063
-0.1037047095257862 -0.6335504790487291 -0.2939295618596491
-0.01767741902134307 -0.6750879835087099 -0.2719718616894439
-0.5819835208087532 0.3096241967667486 -0.2827140191417967
-0.5875211085996064 -0.318207707684063 -0.2767814008601717
-0.5585940974475415 0.4031846208628653 -0.2627073978982171
-0.1090431534493103 -0.3720195817539907 -0.424855510738708
-0.6593356059202579 -0.2570550271160201 -0.2495996359000744
0.4664750279901529 -0.3619482403940891 -0.3256972597686044
0.5442266881421604 -0.3877424952384858 -0.2767365346500242
-0.6539496011356564 -0.1617864626982084 -0.2730875298310586
0.0916802839771122 0.3616455851608852 -0.4304035981317585
0.4730794159690368 -0.5340250097338285 -0.2455065775825897
-0.1012101230369484 -0.7160434568154636 -0.2385191394733036
-0.09648546431833316 0.3186853572540521 -0.4445650991235665
-0.01470777703548967 -0.7550852025233534 -0.2148150091124703
0.3855715098474684 -0.333194304845922 -0.3701580830060932
-0.6412230694807849 0.3654260764086673 -0.2276483789231037
-0.6633616670123541 0.270849683190116 -0.2432958739272021
-0.6153237587371131 0.4578570489954955 -0.2058717973093838
-0.5293450095372706 0.4935675723864132 -0.2380924561832849
-0.661691565718782 -0.3514200230963068 -0.219334119611809
-0.732880422818878 -0.2895293008865505 -0.189529534888484
0.5086831331372602 0.5642208270118593 -0.2114481642138569
0.4439671807128658 0.6368005078234422 -0.1986891278428378
0.3398620472693486 0.3153540802830095 -0.3925227964373721
0.4575010660998203 -0.2695871330481522 -0.3590077761062028
-0.7216431199393194 0.3262519662769431 -0.1863954309723369
-0.7414231934022554 0.2304053159660436 -0.1986025193298948
-0.344934786694523 -0.1182706059638851 -0.4335160283464697
0.2541402125242039 0.3105834915339495 -0.4194753235823668
0.06905045480045556 -0.7123038767973296 -0.2439276108956724
0.07188930472046719 -0.7928877217091127 -0.1830804943148703
0.15555970007516 -0.7453447886020681 -0.2101311629081324
0.3552516467242448 0.6313283744930583 -0.2376103755298324
-0.5865412969398129 -0.4108715140557108 -0.243576952960865
-0.6589235740731713 -0.4428475078012103 -0.1848529041824475
-0.5821481602967631 -0.5014679771741056 -0.2048166936660025
-0.1870643640927226 -0.67083169434641 -0.257495880773455
-0.1842649383236554 -0.7512653005977066 -0.2008234403112086
-0.2712217704477687 -0.7137791806208016 -0.2084790162737374
-0.6811133055389809 0.1743027333472648 -0.2528516110827177
-0.7567655556183688 0.1331924488084227 -0.2047828327050187
-0.6943267922229523 0.07665043544812003 -0.2560175081734994
-0.7676286858662509 0.035210557477527 -0.2047532086386873
0.3765263736043357 0.7058449503842812 -0.1800053979986899
0.2852333757431491 0.6958861853992175 -0.2171921691663468
-0.798828949722125 0.2855514961375785 -0.1401663260697187
-0.5859155774080139 0.5478321306610797 -0.1782914463829877
-0.4977743145004073 0.5817005762043651 -0.2069225857335797
-0.6711712269969173 0.5113235106749194 -0.144038725741264
0.7092232883363175 0.4105075660512875 -0.1642429327480342
0.6525040158872596 0.4908620293238453 -0.1666464887095377
0.375352733849267 -0.2398167372967982 -0.4007991288520999
0.3006602887915598 -0.3006945716588775 -0.40959308265933
0.4469367932836829 -0.1769266400260865 -0.384472233429189
-0.3854496259523251 0.4691472858162893 -0.3156647050322108
-0.3572957153923317 0.5564246451763517 -0.2813656930013265
-0.2645806297010411 0.5859651898023107 -0.2933209433634713
-0.3274190316302282 0.6435939670967699 -0.2392917916214828
-0.2335430589720597 0.6695046624312931 -0.2486105732943668
-0.2954125126095428 0.7220661378749912 -0.1956759699640055
-0.2007992081814655 0.7485471781941662 -0.1996784000056239
-0.1375038276808529 0.6925182124407951 -0.25075561140546
-0.1038817511593864 0.7678964739900803 -0.1997717935048306
-0.04076601241735438 0.7106279596325248 -0.2466730176100514
-0.006917149036946917 0.7840374069034219 -0.1926187488126794
-0.3884444322168337 0.6937923783619665 -0.1838815294032938
-0.356539994564854 0.7732828264786308 -0.1374564512744568
0.05547780987250713 0.7258997938469011 -0.2349958509523882
0.09007597224330748 0.7956616676342919 -0.1794044149409201
-0.8223136984233294 0.09067210940228403 -0.157789374980943
-0.6547479015954746 -0.5320397272521326 -0.1441194569908995
-0.5746493857972527 -0.5897502033947891 -0.1609863904993226
-0.5021017848587195 -0.5578671462243715 -0.2183390224025819
-0.4923491725850717 -0.6433481181719078 -0.17184774554973
-0.4180466278114571 -0.6090269792269856 -0.227161577774561
0.2932868086675472 0.7755707969243179 -0.1562363934098922
-0.4072748698746455 -0.6932688571674372 -0.176752736025173
0.7323222245309626 0.4903529385198143 -0.1116290775715029
0.5322497917448827 0.6376220966726375 -0.1550741105111593
-0.2680195284667259 -0.785227115400313 -0.1557919548002888
0.5274253987624613 -0.2058822945404116 -0.339717464767517
0.3088132103962676 0.2298779411794835 -0.4258952666219162
0.3989188671205471 0.2387764057964714 -0.391924782745089
0.2163406284158427 0.2310690743036028 -0.4499019076985572
-0.7064702246464357 -0.0180014253087214 -0.2502878851874345
-0.77878548232514 -0.05859763454935043 -0.1950297448724097
-0.01326255175063488 -0.8310512063811355 -0.1545889985467604
0.0736045032353541 -0.8694744670101098 -0.1192982641604811
-0.1659987487383418 0.8192253565697168 -0.1506571152852625
-0.1927568026059426 -0.8453940250426403 -0.1240768787356687
0.02729750534932415 0.8522209565103107 -0.1364871437431774
0.2930965872481477 -0.2106098424604833 -0.4348689424011297
0.2153918217146748 -0.2679727569103292 -0.4408984823461557
0.2048976440724195 -0.1748304461671254 -0.463725635273288
0.1284731017671042 -0.2335823058639041 -0.4644669842548204
0.1381510641293101 -0.3256958507002048 -0.4374182481583045
0.05046667558186694 -0.2900249041294143 -0.4566693348202193
-0.5587912619313949 0.6391892129722948 -0.1395947378044888
0.1479382491094705 0.7353288906179403 -0.2187028485365067
0.8154058969969149 0.2465526827447591 -0.1371624988870094
0.1866732844822044 0.8012408120607702 -0.1615831229744117
0.04050232771203351 -0.1967873295099607 -0.4798171541971226
-0.03766699958375207 -0.2521106935483137 -0.4675106976704729
-0.04762440604337929 -0.1579849085350554 -0.4863863423120928
-0.1255216482222165 -0.2123371731070517 -0.4695786203722421
-0.135102971808098 -0.1174614102706274 -0.4839750020529278
-0.2124392771963259 -0.1710725894693604 -0.4628018613182752
-0.2212549187108806 -0.07548751889949649 -0.4726739477183199
-0.1431232879166714 -0.0215062190549998 -0.4895266034989399
0.1522977132560418 -0.08817634092635522 -0.4845151697189098
0.5204721960883429 -0.09687075865718686 -0.3598623746080792
-0.7360273319367272 -0.4735409021970714 -0.1170113902942432
-0.7231339484263682 -0.562508807932399 -0.08033056681588102
-0.2283575662981871 0.02063268400021941 -0.4737135571326581
-0.1494710146581274 0.07458677992998244 -0.4860476140183731
-0.2338707992992295 0.1165458384199865 -0.4658607583910609
-0.1540583856069146 0.1701205750618853 -0.4736625018824023
-0.06900404354451116 0.1275756798360078 -0.4894814439444438
-0.3090327050995159 -0.01793286664680939 -0.4520885997363517
-0.05180037399476782 -0.05550086110719002 -0.4971181878351813
-0.07308933536195839 0.2223660196383858 -0.4726056511832641
0.01225539174263832 0.17906817168504 -0.4838921976313058
0.00832664885831861 0.2730298685471197 -0.4626926788999664
0.1080504809245436 0.1586516648786288 -0.4815773714016071
-0.01101559809977298 0.3604530869093386 -0.4349761143680165
0.1125916258316331 0.2630285604395352 -0.4590695510928476
0.1986369900952566 0.1229587998941315 -0.4727122398472459
-0.573363085765029 -0.6696614413827107 -0.1114041629036172
-0.7770301657789698 0.3832929759890378 -0.1246553080134868
-0.8625894814194868 0.3458539494633656 -0.06816221609252622
0.2323128892040334 -0.07681966260616695 -0.4700647304733746
-0.3109416261808892 0.1691114125521619 -0.4373583176262983
0.3095403406106882 -0.3876128408803927 -0.3769705315596252
-0.3529662957938853 -0.2121956507553492 -0.4151938999170287
0.570893991616705 0.2470157829517809 -0.3065316266543321
0.1917782633199613 0.3873806030030023 -0.406578683067505
-0.02350757878407548 -0.4234085650769845 -0.4100862903795797
-0.1953184426913245 -0.328301592877728 -0.4270343850292911
-0.1976195498315798 0.3025601108850997 -0.43470194641278
0.5370555593223687 -0.2977695583569041 -0.3114523081584359
0.6144265918558809 -0.323322882815933 -0.2589711383339806
0.6216403505801078 -0.4136381065635365 -0.2212333956645866
0.6893936680071406 -0.3474630680219147 -0.2020028934362294
0.6953328130885988 -0.4377025866719579 -0.1624643623314864
0.6242496060956073 -0.5012130266183489 -0.1795489656187766
0.6809684714057969 -0.2564256096128175 -0.2352639238429736
0.7558789478746664 -0.2806160420456995 -0.1749508265532468
0.6956327463117338 -0.5285851392480633 -0.1183464164124501
0.6181183632159137 -0.5911856281206962 -0.1342146210794089
0.7435923345128175 -0.1879871691711319 -0.2058656321404012
0.6711472468723899 -0.1658407900353329 -0.261029102688034
0.8185877082400076 -0.2152025874719912 -0.1418010051318661
0.8256407487250514 -0.3030461804825459 -0.1132401832698382
0.5900039612955594 -0.679277420134371 -0.09523875607557061
0.5333621679388699 -0.6405818024070254 -0.1525898761182576
0.7629052988611497 -0.4688976479221631 -0.09905525037132164
0.4250594954315782 0.3278966192460077 -0.3559041162152454
-0.6020319352093506 0.2143912481018415 -0.2957969708627095
0.06630637003839029 -0.6319631141831945 -0.2981130438021053
0.8313297966655824 -0.08401653350734736 -0.1509159956366851
0.4258547150721844 -0.08296187597822058 -0.4058825443924815
0.4087510546797664 0.07711977169065372 -0.41348755805628
0.495184380081225 0.0878264704806134 -0.3735394704032454
0.3331206125925711 0.5517983688918017 -0.2922746087771487
0.670228291459762 0.08247256380225468 -0.2719961567734056
0.622890533869078 0.1659522540189834 -0.2922336161011569
0.1444743309664642 -0.4130503872211964 -0.4042582726541061
-0.8134107369001252 0.1915213293953221 -0.1508412767411219
0.6082349575065199 -0.2356929753975509 -0.2872495289076458
-0.6959431357360513 0.4200260546146241 -0.1696206326333726
-0.09447555263006377 -0.7936902423372437 -0.1805650845869457
-0.7307353089777396 -0.3841654786209338 -0.1592213966245782
-0.8009551345736301 -0.3189077835211506 -0.1283843490048824
-0.7989352965828203 -0.2305272952528184 -0.1542797790087705
-0.7287382713281314 -0.1982824987955601 -0.2148122912865377
0.5704084308720871 0.4898090897429702 -0.2173606387976032
0.1555081186062575 -0.8194339473163731 -0.1521726155165248
0.2401004920265006 -0.7746262644876729 -0.1711529520472531
0.238530772368278 -0.6967058907827173 -0.2288519861910266
0.3224880058465497 -0.7228867315193757 -0.186718129739175
0.3168693385986661 -0.8047822781181966 -0.1259596535414647
0.4055703549811731 -0.7467346078927318 -0.1389500562678668
0.3980894169453818 -0.6678416515025708 -0.1977561723172024
0.2243058459055728 -0.358853793834954 -0.4104554210714229
-0.5124206581920959 -0.3780205183073662 -0.2972627783983047
-0.2016388846649389 0.531020045742942 -0.3386797356051216
-0.06848336042686778 0.8343952485883407 -0.1495472992389223
0.5504427820655338 -0.471060111284737 -0.2375575576141832
0.1673383306160109 0.6038776008761152 -0.3036648631333769
0.2603314726930028 0.6220076847954447 -0.2726669821904516
-0.8323443701912302 -0.006858717283694541 -0.1535779037040934
-0.8413674275720323 -0.1029364913679997 -0.1407524652828334
-0.266057853925884 0.7969729415411496 -0.1470236744078
-0.08142096884389077 0.04329630196262128 -0.4957480280344418
0.134104523791486 0.8741189261252791 -0.1089660398441239
0.06031957749716688 0.9234323795040558 -0.07181709452702034
-0.1894172891224374 -0.5889405604927666 -0.3086350533939864
0.4639061910029194 0.7065981103815645 -0.1427550781771826
0.3996735822783579 0.781267638783286 -0.114940952109387
0.7667786547141439 -0.3765643029421484 -0.1351249102122308
-0.5775101463601607 -0.1284108697869129 -0.3249963396858171
-0.012090859386187 0.5712043796637142 -0.3367896838861475
-0.07199371390392179 0.6326190885004592 -0.2973049970115842
0.7582653022997379 0.3268369819129379 -0.1591056592911644
-0.3523965137578758 -0.4858461998163232 -0.3198850836076663
-0.4250292866849582 -0.523103492836312 -0.272856420621263
-0.4122466276910867 0.3826377254440066 -0.3418205445121817
0.48533223606641 0.2440267156856664 -0.3524517913332227
-0.4476643547839398 0.7418418687989747 -0.1246336335763617
-0.4187143012375476 0.8358182101303214 -0.06304312677684898
-0.5396761599441537 0.1578047235242026 -0.3419236558106911
0.1526930752849334 -0.6665182082262403 -0.2662191514314559
-0.565177685070513 -0.02970229981894179 -0.3398459788419009
-0.5094590771401201 -0.4693186325726934 -0.2600957349198172
-0.2714193840779647 -0.6302434773822363 -0.2645623385819424
0.5951314370791276 0.5669289535063027 -0.1622050671381903
-0.1710166767160127 0.6134361180709215 -0.2972247126655447
0.5371240993362405 0.1636616978384815 -0.342356275286429
-0.4752693011688981 0.4401843539641334 -0.2901784129458029
0.235315316358563 -0.6184881610039681 -0.2810495482924995
-0.6182735830828209 0.1189592215566788 -0.3017932400342797
-0.0942342838973248 -0.8718665110355277 -0.1154843433365473
0.8630471983496264 0.1628912962090122 -0.1143079795201041
0.8407803342625793 0.3239717376234686 -0.09406537136926794
-0.8622038101591137 -0.2596406756357731 -0.09459565465125308
-0.8657081801633777 -0.3539603937918928 -0.0626306932124505
0.4743134312049652 -0.8058640494226921 -0.06280495141331693
0.3206313472168945 -0.6445514803820203 -0.2408744641596127
-0.4443394227678951 0.5276071444215825 -0.2620965892647986
-0.6492968649220882 0.5971312477756827 -0.110923927066102
-0.7285761644008244 0.5597080625730639 -0.07795182867884501
-0.5685924092540091 0.7104957215517885 -0.08594925089766228
0.2973365734291207 -0.884665748016068 -0.06447873819429994
-0.6320870037859635 0.02461913091679379 -0.2999299590188926
0.3648476304183784 -0.1490579413375741 -0.4223339683511493
-0.4928515012406638 -0.7275579620545921 -0.1138784047878964
-0.4234078488732021 -0.7775140231904397 -0.1080988686273919
-0.580846517893664 -0.7425394396551042 -0.05562625160374473
-0.316605007856676 0.847278632940037 -0.09094009358166799
0.7602229503044696 -0.5591531364518045 -0.05470441791323877
0.6221124396773957 0.7073582001577272 -0.05631024453412967
0.471644415320559 0.8189675484658215 -0.0534218500284052
0.2988745383917765 0.8937461572726761 -0.05594590833071369
0.8075847360384982 0.4866501869004815 -0.05548924485367776
-0.9389946084464629 0.09805144140866809 -0.05433752007307819
-0.1603045231382733 -0.9244366150442123 -0.05985970231350483
-0.9228220573824066 -0.1042796939153737 -0.06876259792270911
-0.1738905436628485 0.9291819970039116 -0.05319144763423088
0.1177099730890792 -0.9337096466124192 -0.05716532902913969
0.02626582588881319 -0.9417693165634456 -0.05619033038499954
-0.3430240498746809 -0.880833624003512 -0.05323331401620614
0.4478525238740194 0.1611343970458763 -0.3867319114741664
0.3975557592254115 -0.5893652491108184 -0.2472990107236248
0.05996918033047918 -0.3780479497908044 -0.42674172253473
-0.01741227652972599 -0.3396808659155263 -0.4421568609784653
-0.7513366606011594 0.4761245056080875 -0.1043993387980763
-0.4149239106934879 0.613314853446864 -0.2258415194381371
0.6760323452581758 0.5675204246929152 -0.1104504178605518
0.6629547822621379 -0.08124894404827106 -0.2769447828834012
0.5477715049997038 -0.5540094242887454 -0.1965099680548061
0.01763788816432577 0.6511901167215129 -0.2878201683926625
0.7511097577145497 0.5688963471225537 -0.05609553904830281
-0.6443359870826815 -0.06901344124405979 -0.2900341403389195
-0.3484076606260645 -0.5781291330191116 -0.2721894037858217
0.2755904919086556 0.1568868786115955 -0.4497181940445278
-0.3466739116346371 -0.7471954202442666 -0.1607581014789669
0.5067105755919262 -0.7224174375642949 -0.1106787192431685
-0.4719663871210827 0.6590369432833504 -0.1714590184078053
0.6121045930173304 0.635678183438487 -0.1106206071537167
0.8903271285150419 -0.3252806278963676 -0.05075505867275239
-0.8677981902465197 0.2436447768899443 -0.09378176184955728
-0.3438314393651146 -0.6621929421617944 -0.22164022432761
0.1098718311162157 0.6689020993437416 -0.2702490811103525
-0.235187473338932 0.2056200277022762 -0.4512036282960822
0.2423325290744683 0.8494378077890166 -0.1098651780254809
0.9335328101976439 0.1434809529023218 -0.05396485421936579
0.933007145139923 -0.1471734108002094 -0.05391882713564172
0.1153235261751359 0.06668328594300224 -0.4911269118431882
-0.7193935549984853 -0.1081142722409058 -0.2353921085822303
0.7871325312412071 0.4057511359698873 -0.1078941969604781
-0.10990008466079 -0.2934912191225335 -0.4508924378447601
0.4664074626430873 -0.6131292787927675 -0.203268283138949
0.3610482623194806 0.1647376443832229 -0.4212528303995751
0.2299449976511996 -0.8436849904372462 -0.1176604674830468
-0.1930670672577238 -0.2548440674253897 -0.4488898044192925
-0.8852328386379134 0.04636533105169385 -0.1071065387367644
0.1960000176789251 0.6792207193746489 -0.2501216037210227
0.1184718657531561 -0.1603664834889063 -0.4801235039991842
-0.6524030253816407 -0.6149342313116819 -0.09811309181699643
-0.8560812640035326 -0.1817193109386083 -0.1170514807270558
-0.7888298415546364 -0.5235594454630159 -0.05181649406967312
-0.7933854471631703 0.5235693209471974 -0.04820734919629328
0.8686257897158544 -0.1619630097884377 -0.1096286104503894
-0.7858815625375696 -0.1438767992474359 -0.1808448181509106
0.8155501817996673 -0.4963827268104362 -0.04424104474538268
-0.8873126760732505 -0.03739779133393549 -0.1056388100415352
-0.2935225254102865 -0.1786939525045836 -0.4409564992075287
0.3241913900388212 0.8345475380594227 -0.09921517467182667
-0.1242520504295486 0.8766728130276867 -0.1080031034310877
-0.8776072229421016 0.146833736104189 -0.1041227080907689
0.2818513408443904 -0.1326217879326092 -0.4514856415148887
-0.2831390800891223 -0.8446299288598328 -0.1032162723002597
0.5963530443674951 -0.1529230782989729 -0.3104887892985932
0.5479021545532505 0.7026513242430444 -0.1030421727877009
0.2217943840018851 0.7386745932500742 -0.2025835482560308
-0.4263814975172638 -0.8448779083435676 -0.05219006928396681
-0.01726732937312858 -0.8908518580165697 -0.1030424032023726
0.1721481419501243 0.3130184531949766 -0.436192232591272
0.1313137334123367 0.9411386392902393 -0.04850738252611517
-0.7890932643524556 -0.3955258619847883 -0.1104455563273879
0.1577855139009019 -0.879131596068766 -0.1011156841983062
-0.9140825315519748 -0.2813953176071823 -0.04263490037014302
-0.9140778779021972 0.2819556842710282 -0.0424813126185362
-0.224337697203039 0.8602293718042259 -0.1048390127494722
0.2519403915017323 0.07328862841740813 -0.4655774080373245
0.794989947780833 -0.1464092068755707 -0.1732776635347474
0.9470905415301069 0.06867806481411048 -0.04915141477879869
0.9469999857555327 -0.07070862475945718 -0.04909565868182359
0.6337802871651702 -0.7181603702654122 -0.04128411509054021
-0.1453897442321314 0.2483974157276054 -0.4585802730659813
-0.03246728645379271 0.897577955425597 -0.09664984462216611
-0.7144076040456091 -0.6309779739495646 -0.04574428583615738
-0.7112581744415315 0.627576242653796 -0.05012993447332187
-0.5106424321819066 0.7049714076075249 -0.1211298104556059
-0.3503801351555968 0.8948648864866893 -0.03822529791075537
0.1780913040299524 0.06238832615511637 -0.482195592094237
-0.002592041359367688 0.9516817644022951 -0.04714755031286293
-0.2846491874680825 -0.09403196548904619 -0.4550664147700136
0.4876167392659376 0.7566383323251799 -0.09486417482191264
-0.599297543454991 0.7530197217901122 -0.03690187650197772
-0.3480148725905188 -0.8146500796173403 -0.1076154481176331
0.9013629367550319 0.3298368116610643 -0.03937626695880406
0.465824819380162 -0.6759414198906997 -0.1630552172627922
3 1 0 294
874
875
876
877
878
879
880
881
882
883
884
885
886
887
888
889
890
891
892
893
894
895
896
897
898
899
900
901
902
903
904
905
906
907
908
909
910
911
912
913
914
915
916
917
918
919
920
921
922
923
924
925
926
927
928
929
930
931
932
933
934
935
936
937
938
939
940
941
942
943
944
945
946
947
948
949
950
951
952
953
954
955
956
957
958
959
960
961
962
963
964
965
966
967
968
969
970
971
972
973
974
975
976
977
978
979
980
981
982
983
984
985
986
987
988
989
990
991
992
993
994
995
996
997
998
999
1000
1001
1002
1003
1004
1005
1006
1007
1008
1009
1010
1011
1012
1013
1014
1015
1016
1017
1018
1019
1020
1021
1022
1023
1024
1025
1026
1027
1028
1029
1030
1031
1032
1033
1034
1035
1036
1037
1038
1039
1040
1041
1042
1043
1044
1045
1046
1047
1048
1049
1050
1051
1052
1053
1054
1055
1056
1057
1058
1059
1060
1061
1062
1063
1064
1065
1066
1067
1068
1069
1070
1071
1072
1073
1074
1075
1076
1077
1078
1079
1080
1081
1082
1083
1084
1085
1086
1087
1088
1089
1090
1091
1092
1093
1094
1095
1096
1097
1098
1099
1100
1101
1102
1103
1104
1105
1106
1107
1108
1109
1110
1111
1112
1113
1114
1115
1116
1117
1118
1119
1120
1121
1122
1123
1124
1125
1126
1127
1128
1129
1130
1131
1132
1133
1134
1135
1136
1137
1138
1139
1140
1141
1142
1143
1144
1145
1146
1147
1148
1149
1150
1151
1152
1153
1154
1155
1156
1157
1158
1159
1160
1161
1162
1163
1164
1165
1166
1167
-0.1010611618728083 0.02075722893570318 -0.245516625768489
0.1449704697713347 0.01713417972875943 -0.2406041345300008
0.0132674910239912 -0.1915127952099879 -0.2397015865970073
0.1235619462819668 0.2443373147534567 -0.2233557226389592
-0.2674165961058431 -0.1310162777619476 -0.2210643394402245
-0.2872988738584295 0.142423784038389 -0.2178236296292818
-0.1002136315096269 0.2674047873710926 -0.2193675717869226
0.2755841757240456 -0.1599854592595886 -0.2204693029186406
0.3160381252574058 0.1462225378754276 -0.2103651284215046
-0.1201799651145911 -0.3529425773147468 -0.2058878183241562
0.1540440468340334 -0.3449084067770909 -0.2046545742165571
-0.4197286934985346 -0.004957190135273133 -0.1933786928681503
-0.0004599589762766393 0.4366782159795387 -0.1937472648360501
0.419657435328551 -0.02378592980995204 -0.1989673538295265
-0.3306429754670516 -0.3097468350131533 -0.1885174021571801
0.2750445798037795 0.358875467738713 -0.1885379094597417
-0.2500589905186187 0.3862276909645594 -0.1836357177613598
0.01661466195535626 -0.4783300715469622 -0.1804113632833799
0.3476246584774045 -0.3272976571869264 -0.1796905545381035
-0.4626934515251014 0.175796741104523 -0.1766224072665654
-0.4627573798264837 -0.1811729099016313 -0.1760087495871356
0.487762055051813 0.1667951005378082 -0.1723161904511456
0.1633454654873698 0.4914054125857211 -0.1706414624688564
0.02193106538092087 0.1154964786739255 -0.1706710926977479
-0.4144474331078524 0.3402153322195524 -0.1644122207072783
0.4637818092477665 -0.1936424881426735 -0.1748561909283317
-0.2492800859196675 -0.4603250346039405 -0.1656581540912697
0.2235607268223851 -0.4944763497487416 -0.1663677192100434
-0.1386400924390066 -0.1917069921174478 -0.3057481952532611
0.4391519628346697 0.3312223905262042 -0.1646164253870969
0.01923383326406784 -0.0487769037048493 -0.1567405088939957
-0.1451379513897633 0.5143860547472543 -0.1658086939793654
-0.03474166816366611 0.1535812826196501 -0.324187985033837
-0.5702948887395741 0.05672859585711829 -0.1535043707698406
0.1451928189634201 -0.1292282887669554 -0.3168079186973218
-0.1211724206348024 -0.5582241376768947 -0.1517693394969613
-0.1193856871970122 -0.1298407104252486 -0.1588033129276027
0.5719687289465203 0.03307023079797788 -0.1575615862598254
0.2912976737471875 -0.01893821575662477 -0.294396935416827
-0.2307480753175677 0.008338130505340253 -0.1557659937942413
0.1997965591501641 0.1431515357945596 -0.3141902810975808
-0.4808199293167384 -0.335103146152916 -0.1492973611535404
0.04099170654665041 0.5857789984754815 -0.1479327644445436
0.01723859165492855 -0.3479655874640347 -0.2796892498195631
0.1441224162743802 -0.2003794825306802 -0.1470161608873714
-0.03221966905947889 -0.08184193916746985 -0.3431210714680162
0.2602243293910754 -0.01445687743676887 -0.1439169725981726
0.3281960327364418 0.4983362315071847 -0.1469391925602871
0.373941642846551 -0.4742174505182534 -0.1450008101289531
-0.143839026456942 0.1357004024912687 -0.1519928932644846
-0.5879068817841464 -0.09592086252383608 -0.149609951907746
-0.3076198915466264 0.5208027394181702 -0.1420111022405232
0.5220580943320338 -0.3280575533449639 -0.1411857476012545
0.09300894968529487 -0.6026217749576279 -0.1438378229903388
-0.2445398672040328 0.02303636053020191 -0.3130922273461453
0.1813356411040946 0.1288480957469123 -0.1486929912096163
-0.2362014556078695 0.2676543215643531 -0.2830788743813196
-0.2039990122416494 -0.2500385866834788 -0.1399528480073317
-0.3963607527371378 -0.4576097625350992 -0.1421628424485702
0.02894667379989756 0.3328075795330767 -0.2951007224093006
0.005054632809792356 -0.3221867119443307 -0.1356318829386824
0.1095894709880321 0.3603278093209128 -0.1360850930028038
-0.5481451195881082 0.2881409799877893 -0.1433435299379354
0.05453534884222537 0.03871378192330784 -0.3572953260748865
-0.2318383623086327 0.2499205514471309 -0.1381314628477029
0.5886709799724492 -0.1155948454024146 -0.1462162208619593
0.5782406041950421 0.2713633296136606 -0.1387451013515861
0.2199657583740822 -0.2632734385816024 -0.299565484064054
0.1592272373756624 0.3817392784721008 -0.2673015906980685
-0.1257624121780982 0.4037157888435099 -0.254296950465745
0.01290295617134508 0.2527473938380057 -0.1343463740939053
0.2743389448302669 0.257138939354707 -0.2839893302744271
0.2163476390906316 0.612905046474465 -0.1301124427823766
-0.2257222407043848 -0.2990772988993332 -0.2812086738653393
-0.4393389787160171 0.4731041934528937 -0.1350256023468176
-0.1752315721275412 0.1518849477105777 -0.3355049055460136
-0.5815307554708349 -0.2406199906408405 -0.1359103981448788
0.4681338046876721 0.4611623824069281 -0.1311433214117732
-0.3715021955390853 0.2443308484493063 -0.2513777238807848
-0.08782234050382048 0.6372224359420117 -0.1326585566937381
-0.09764064610698028 0.3690348643612069 -0.1247143359062231
-0.2533653903008383 -0.5946339138421474 -0.131890425395449
0.09361150919696906 -0.2505495233284937 -0.3376743780133572
-0.3928529631485558 -0.1134300582045822 -0.2714224604397589
0.2587126985416839 0.2382447179935127 -0.1292588399467636
-0.03027918456175708 -0.6546556001890674 -0.1259366603352366
-0.4029516140198172 0.1024226121246048 -0.2703130842743957
-0.3612846092571897 -0.1069345309346528 -0.1273253399068663
-0.623171997223005 0.1778452738681056 -0.1322374522314669
0.6299621789113202 0.1492907725961382 -0.1293832096203134
0.2246172582763562 -0.6194975241548748 -0.1217772230262461
-0.3701080859977717 0.096849758851592 -0.1259834023252648
-0.2197169967763449 0.6456156417121448 -0.1200111737785736
0.3626200683659861 -0.1207829131992619 -0.1271772113724165
0.367497483997452 -0.2368649363317757 -0.2710176630507996
0.4009239904144445 0.2389005348391499 -0.2509911378591686
0.1440777644001194 -0.07147439536666303 -0.1253809172252326
0.2397661220969953 -0.284775336506133 -0.1200661427186007
-0.1041342230578648 0.01069303140747882 -0.1162372076227562
0.3968230677542454 0.08393876047640401 -0.1291891659905177
0.4251661238919776 0.0923334198060991 -0.261647019120887
-0.3330995057461237 -0.2270681780961634 -0.2881226140971649
-0.6835135125133891 -0.01404599877429778 -0.1196718247071005
0.2636050178789394 -0.4003740409876277 -0.2458615358155073
0.4998266549762838 -0.4625182040311551 -0.119166925668269
-0.08778208795375658 -0.4394255341587032 -0.1169356876967091
0.1912252154026255 0.02488441950842038 -0.3579898979564053
0.3859580782353341 0.2237506124344321 -0.1183483882489809
0.1266456101779786 -0.4634655330370707 -0.2436545477596832
-0.2376841046118297 -0.1242048740349176 -0.3427356501006846
-0.1340067299611332 -0.4730980209408063 -0.2455094517755577
-0.3562037930736928 0.2246034016001994 -0.1263880750027674
0.1203211878975938 -0.4362590803920314 -0.1191785038180475
-0.1299280267674916 0.02336743171451129 -0.370283080405154
-0.03270447686728306 -0.2500451516498949 -0.3415114426259097
0.3824650369639124 -0.109857895387936 -0.2874777678254851
0.6898449477347832 0.03974394710924529 -0.1142458823023876
-0.5454138151297419 0.4098666763722613 -0.1135622402851569
0.658457344434874 -0.2180758682778553 -0.1155273337410315
0.1026384094189226 0.6878855326021638 -0.1132097041906301
0.08043106607764473 0.1407623809322041 -0.2779423603282684
-0.02349788868811736 -0.2009615047107856 -0.120068646171899
0.3450279583746029 -0.5911479215160329 -0.116300776356267
0.3129661918696558 0.09793877832070556 -0.3225270791852641
-0.3878691080829385 -0.5769836524731795 -0.1118095018096881
-0.5161766145282884 -0.4480956545432723 -0.1156680286689132
0.5088379080365634 -0.09848536703955332 -0.2376814700118594
0.2815162072593707 -0.402575873786862 -0.1099117496959863
-0.5057877303040201 -0.07920583182670013 -0.2388491421578566
0.2628652057165506 -0.1273884263984249 -0.3341670432348882
0.5641234037167757 0.3893497963377057 -0.118438277091507
0.1026037646551383 0.04207368199674227 -0.1180607087425293
0.1666463821064701 0.2551981752951828 -0.333061071065571
-0.4759242208401393 -0.07281357551250263 -0.110815895057063
-0.3163098871291102 -0.2172702762360845 -0.1134764644776555
-0.6757660860038683 -0.1691702825429878 -0.1098889945388607
-0.5961178050534964 -0.3585855651143062 -0.1190214465179304
-0.1602441913978103 -0.08243118786217515 -0.2611670572712254
-0.3887130866967016 0.6015576406472375 -0.1081326720801565
-0.4322213319048465 -0.2762920754995496 -0.2405138561156635
-0.2423530175194066 -0.100599977445628 -0.1084066177973091
0.08931789437450371 0.476408635326377 -0.2611017146052786
-0.1272539866324858 0.2643859316547559 -0.3386483628953156
-0.04376142405394953 0.5445955993896606 -0.221500973217032
-0.2942531172376055 -0.3993836797788481 -0.2563240556522837
0.05190341171518788 0.2303324934115735 -0.3503832015896262
-0.1965898453423193 -0.3661722232334515 -0.1158305678353105
-0.09823110379227543 -0.2368382187168322 -0.2042847513701472
-0.341356436623318 0.4130106151171216 -0.1059852348348677
0.3730921849059339 -0.2370826040632889 -0.1072748277975072
0.05921266658118235 -0.06134943029662047 -0.2687724528662997
0.4768745530170252 -0.08585778378609485 -0.1132942903156194
0.1235026092799775 0.222748044264034 -0.1077004089757019
-0.2520149679562316 0.1299798085058445 -0.1064118512384091
0.2464588602047962 -0.1272014350445735 -0.1115910396881342
0.2579498442036285 0.4652645994220873 -0.234839388361743
0.3547599754640232 0.3905242824607941 -0.1079666637682334
-0.3312131846846397 0.3539961439205892 -0.2619754774757552
-0.03874128462169264 0.5090104870727613 -0.1102332543186635
0.4174823272079703 0.5646591389335232 -0.1103508370673995
0.4555584984311863 -0.2986368148229275 -0.230297339748857
-0.1187259447556536 -0.3250475445364087 -0.3188422260608149
-0.3231592947215269 0.1638295647280814 -0.3240220435769059
-0.5140746465353063 0.09880553889839751 -0.2437138325610794
-0.1038047055879479 -0.2972799515898066 -0.1059665688208543
0.24086192221208 0.4335619030216438 -0.1067217315633791
0.06942155863115604 0.4684269379784743 -0.1073581240843961
-0.2385474293822689 0.4915147912773943 -0.2299603736269443
0.3734625966050714 0.3927715230285262 -0.2365421238275846
-0.357264912187486 -0.003489059390387871 -0.2929413059264192
-0.702877696745463 0.09854270789856441 -0.1096684245603478
0.1425244951121518 -0.7000315956038626 -0.1036946241541176
-0.1206924126303666 0.2569515571859532 -0.1056649812092839
-0.02647887344243485 -0.5790394156969922 -0.2114656560939411
0.5991527591343061 -0.4063437523865904 -0.1086282336911527
0.2840342144539088 0.09309973725229091 -0.1138099361156135
0.4237941145359364 -0.3774356527703532 -0.1113741238554662
-0.3138876646521337 -0.3872153262000833 -0.1062835872787647
-0.6395771955303797 0.3449866797526231 -0.1035228351660088
-0.4687553636067694 0.04559151253428065 -0.104781755583066
-0.4782611338670331 0.2735008419780547 -0.2304531787821164
-0.1489770904036461 -0.6703513519755735 -0.1196924315937078
0.193238541092983 -0.08346418930434008 -0.2259061923627332
-0.007750220045922816 0.7125006509909998 -0.1045988730607115
0.01016409197952826 0.03931058164058585 -0.2533372501439938
0.2477671425985434 0.05920299832090618 -0.227197883958718
0.1238775907062589 -0.3546316037111345 -0.3115515433263613
-0.0301411081639274 -0.4485603706194123 -0.2768472798978611
0.008717445729059447 0.2233828171787855 -0.2447568077807699
-0.1877604962741102 0.4321752101497505 -0.1022752447557593
-0.04916121432488532 0.1659217468334575 -0.1002876222594981
0.1117569512168836 -0.3009181939066194 -0.1113625784854779
-0.360063356302205 0.4495447974387513 -0.2092607369549245
0.568745393700272 -0.2339252763714611 -0.1817727741126012
-0.420372495502723 -0.2540197350657379 -0.1041522877974902
-0.3289398004845501 -0.003578023462814037 -0.1073491135231107
0.5053254482913184 0.2638126274168658 -0.2202774318455581
-0.4078707166496965 -0.3809112078753967 -0.2194161878335231
0.5029790260678165 0.09066810226860081 -0.09546166611788327
0.07344421724780453 -0.06990559280141473 -0.3801350153614761
0.00833059027814894 0.3777728726477185 -0.09748349936191524
-0.05264178209444475 -0.0829800120842506 -0.2340557474365381
0.2074356335714488 0.3296861086367697 -0.0976542226486619
0.2054136100543617 0.7150000118212689 -0.09932735801344945
0.360216023359283 -0.01487650904781041 -0.09900442859647139
0.6603754143609424 0.3334658251859744 -0.1067587936036445
0.1359208134717663 0.5919295002919405 -0.1990921196973641
0.5121439827442928 0.01080066368064922 -0.2467942952056397
-0.0227485862682369 -0.5478256854637552 -0.1064529224686536
-0.1382181974044613 -0.08748940605137288 -0.376773925512556
-0.002907048798548952 0.04171318842652895 -0.09616480908900701
0.06534983611166113 -0.1418723799928437 -0.1009374964033427
-0.1940111301477182 0.078927749875495 -0.232345869851263
0.3034883597606342 0.6675325428167458 -0.09370081602890899
-0.2280824438820445 0.3763484123496791 -0.2901724423272902
0.6946274433020121 -0.07767044767211312 -0.1123397755940178
-0.6764462029119424 -0.2772613671210642 -0.09729361238231377
-0.4929479643563999 -0.5528667625884703 -0.0999206492180983
-0.6956470744051295 0.2525936421168473 -0.1032473636363236
-0.4905888673110732 0.5628793302065868 -0.09948113408784
-0.02889459784108643 0.4234352155110135 -0.2965932812445168
0.3916941995601528 -0.410961976173952 -0.2290142971820494
0.450183051009619 -0.5600268779664638 -0.1083686809831348
0.1303472455158635 0.5597020652756652 -0.09519045110004004
0.1006084933430198 -0.2544144972121888 -0.2298901322896429
-0.0689043835335153 0.1215999109827468 -0.2275671272464073
-0.2671937463912261 -0.6956259576250092 -0.09443918512799526
0.4834200294900253 0.2577871379706397 -0.09221582622101263
-0.5288724942221995 0.1397162542686972 -0.1018811418150449
0.3981363224624337 -0.003907498863942153 -0.3031746326672152
0.01895040711069344 -0.4184052428611094 -0.09264952196472484
-0.4530581936664914 0.2620954541220779 -0.1034146847702597
-0.3132131054507154 -0.5033053343579738 -0.09168273269273131
-0.3210973428511302 0.04218023088892138 -0.2034817055849317
-0.194522724002934 -0.3995333736649591 -0.2912432829727402
0.1804449238673119 -0.5681647135026623 -0.209754060589641
0.2158572394877833 0.194016549883312 -0.2236062418094004
-0.3061593085103481 0.3133465738155031 -0.09677862399252414
0.1614418354846283 -0.5395931325732684 -0.09382000176906886
0.6709259254866234 -0.3249171800444151 -0.0967755938171814
0.308420405073128 -0.3199526967153385 -0.2965548788226159
-0.2059892039528402 -0.5442716676993413 -0.2138869045974509
0.5729111041373109 0.1218299189088415 -0.2121464513808627
-0.560382873134994 -0.1739912281748114 -0.2145117139442873
0.7198547212091595 0.205537124614622 -0.09940821040468498
-0.01757638543835241 0.331624919876975 -0.19921895784245
-0.1472584768092921 0.7223995340096667 -0.1121734019347561
-0.1912070442376552 0.1851999689887421 -0.233286161183313
0.3229623356694459 -0.0678951414850254 -0.207885439709822
0.03140789924732326 -0.1662965696134983 -0.3599694845356896
-0.4748265755475851 0.01040394556700198 -0.2789763292699526
0.02116943793174301 -0.7447431168709667 -0.1031267120620756
-0.3617000036754772 -0.1813701406628987 -0.1995318809159787
0.06891272045960106 -0.5488131779695904 -0.2369441686836123
0.2567781844305912 0.3582714964885558 -0.2897051943872394
-0.2169107234093928 0.5441840677648432 -0.09643376047706036
-0.5563930277482241 0.2063724235362078 -0.2044610033948491
-0.07985732460873793 -0.1712500796999163 -0.3873566291309235
-0.1969362036831652 -0.5154875925835026 -0.09449756456454873
0.2757640643550103 -0.2623392711077844 -0.2134790433842138
0.5266655767580104 -0.2015706679437507 -0.09158867160530437
0.06030495672297784 -0.3861749254862977 -0.1943588361881939
0.3089418897228882 -0.4892764440372549 -0.2227328207997786
-0.3175849570047429 0.6811732894020905 -0.0906944622982549
0.5620937765429671 0.4909382788585789 -0.1008137539358949
-0.4656135638789377 0.1812980904531664 -0.2774169190700108
-0.5875491437858887 -0.02034440910392408 -0.2190934410184899
-0.5270885888701696 -0.1610476463497248 -0.09847248064312129
0.1068993871230285 -0.139697757216082 -0.2216293587020631
-0.04279852281180981 -0.1033162309627976 -0.09634832083012804
-0.7474056564893785 -0.09370228932781738 -0.0943203093353497
-0.3550220535891264 -0.3254695181802007 -0.288061394418884
0.2929394140855157 -0.5070493813319171 -0.09325564278654938
-0.3336611990595298 -0.4867893046314709 -0.2185585050868684
-0.6150534283410022 -0.454906818118428 -0.08951124683325502
0.1885818764167726 -0.3670771642099095 -0.09019522488720004
-0.2071022876921141 -0.2115089569041624 -0.2336621256903261
0.3477667269945761 0.0496092892217606 -0.2113891380955717
0.3436803431046744 0.193879609946202 -0.3206181962320926
-0.1184490234463715 -0.1994037505396379 -0.08550172567644576
-0.2104019405510935 0.5839331640507062 -0.1997327743729954
-0.03886695346305487 0.07510499687586306 -0.3992296687401138
-0.4850635466313544 0.4055575703282696 -0.1940071166500022
0.1775650493045947 -0.2071121447019433 -0.3708792763770277
0.2709492676244077 -0.7082757963761501 -0.09913206352888185
-0.08094654059015993 -0.741507772772088 -0.08887059937329593
0.3328415141708708 0.276119443686595 -0.1863909535596295
-0.365038754632508 -0.6720519273230947 -0.08671190173706764
-0.1883143686075154 0.3313914455044774 -0.09753184142599419
-0.4522576688096056 0.387569311670212 -0.08487485198048166
0.1838763794623422 0.3184021625710897 -0.194080811594738
-0.4098482832625894 -0.3669666640282265 -0.08633642348338272
0.4857870310913108 -0.4021107425648648 -0.1972392438058742
0.5622574240610282 -0.03826695737446654 -0.08604817074060299
$EndNodes
$Elements
7 6145 1 6145
0 1 15 1
1 1 
0 3 15 1
2 2 
1 1 1 12
3 1 3 
4 3 4 
5 4 5 
6 5 6 
7 6 7 
8 7 8 
9 8 9 
10 9 10 
11 10 11 
12 11 12 
13 12 13 
14 13 2 
1 3 1 63
15 2 14 
16 14 15 
17 15 16 
18 16 17 
19 17 18 
20 18 19 
21 19 20 
22 20 21 
23 21 22 
24 22 23 
25 23 24 
26 24 25 
27 25 26 
28 26 27 
29 27 28 
30 28 29 
31 29 30 
32 30 31 
33 31 32 
34 32 33 
35 33 34 
36 34 35 
37 35 36 
38 36 37 
39 37 38 
40 38 39 
41 39 40 
42 40 41 
43 41 42 
44 42 43 
45 43 44 
46 44 45 
47 45 46 
48 46 47 
49 47 48 
50 48 49 
51 49 50 
52 50 51 
53 51 52 
54 52 53 
55 53 54 
56 54 55 
57 55 56 
58 56 57 
59 57 58 
60 58 59 
61 59 60 
62 60 61 
63 61 62 
64 62 63 
65 63 64 
66 64 65 
67 65 66 
68 66 67 
69 67 68 
70 68 69 
71 69 70 
72 70 71 
73 71 72 
74 72 73 
75 73 74 
76 74 75 
77 75 2 
2 2 2 763
78 14 2 397 
79 2 75 76 
80 2 76 397 
81 15 14 100 
82 100 14 397 
83 16 15 391 
84 15 100 391 
85 17 16 88 
86 88 16 391 
87 18 17 389 
88 17 88 389 
89 19 18 97 
90 97 18 389 
91 20 19 388 
92 19 97 388 
93 21 20 81 
94 81 20 388 
95 22 21 381 
96 21 81 381 
97 23 22 94 
98 94 22 381 
99 24 23 383 
100 23 94 383 
101 25 24 86 
102 86 24 383 
103 26 25 386 
104 25 86 386 
105 27 26 95 
106 95 26 386 
107 28 27 426 
108 27 95 426 
109 29 28 78 
110 78 28 426 
111 30 29 410 
112 29 78 410 
113 31 30 101 
114 101 30 410 
115 32 31 394 
116 31 101 394 
117 33 32 84 
118 84 32 394 
119 34 33 415 
120 33 84 415 
121 35 34 92 
122 92 34 415 
123 36 35 380 
124 35 92 380 
125 37 36 80 
126 80 36 380 
127 38 37 107 
128 37 80 107 
129 39 38 96 
130 96 38 107 
131 40 39 420 
132 39 96 420 
133 41 40 85 
134 85 40 420 
135 42 41 406 
136 41 85 406 
137 43 42 99 
138 99 42 406 
139 44 43 414 
140 43 99 414 
141 45 44 77 
142 77 44 414 
143 46 45 387 
144 45 77 387 
145 47 46 98 
146 98 46 387 
147 48 47 378 
148 47 98 378 
149 49 48 91 
150 91 48 378 
151 50 49 403 
152 49 91 403 
153 51 50 424 
154 50 403 424 
155 52 51 83 
156 83 51 424 
157 53 52 416 
158 52 83 416 
159 54 53 106 
160 106 53 416 
161 55 54 385 
162 54 106 385 
163 56 55 89 
164 89 55 385 
165 57 56 408 
166 56 89 408 
167 58 57 103 
168 103 57 408 
169 59 58 390 
170 58 103 390 
171 60 59 79 
172 79 59 390 
173 61 60 384 
174 60 79 384 
175 62 61 105 
176 105 61 384 
177 63 62 392 
178 62 105 392 
179 64 63 87 
180 87 63 392 
181 65 64 376 
182 64 87 376 
183 66 65 93 
184 93 65 376 
185 67 66 382 
186 66 93 382 
187 68 67 82 
188 82 67 382 
189 69 68 375 
190 68 82 375 
191 70 69 104 
192 104 69 375 
193 71 70 393 
194 70 104 393 
195 72 71 90 
196 90 71 393 
197 73 72 379 
198 72 90 379 
199 74 73 102 
200 102 73 379 
201 75 74 377 
202 74 102 377 
203 76 75 377 
204 76 302 397 
205 302 76 411 
206 76 377 411 
207 77 343 400 
208 343 77 414 
209 387 77 400 
210 338 78 357 
211 78 338 410 
212 357 78 374 
213 374 78 426 
214 384 79 423 
215 79 390 409 
216 79 409 423 
217 107 80 108 
218 108 80 109 
219 109 80 380 
220 367 81 388 
221 81 367 417 
222 381 81 417 
223 82 269 361 
224 269 82 382 
225 82 361 375 
226 83 362 365 
227 362 83 424 
228 83 365 373 
229 83 373 416 
230 267 84 268 
231 84 267 277 
232 268 84 394 
233 84 277 415 
234 85 273 342 
235 273 85 364 
236 85 342 406 
237 364 85 420 
238 86 383 419 
239 386 86 413 
240 413 86 419 
241 275 87 392 
242 87 275 412 
243 376 87 412 
244 88 270 371 
245 270 88 391 
246 88 371 389 
247 89 366 408 
248 366 89 418 
249 89 385 418 
250 90 261 379 
251 261 90 405 
252 90 393 405 
253 279 91 368 
254 91 279 403 
255 368 91 378 
256 92 277 399 
257 277 92 415 
258 380 92 399 
259 93 269 382 
260 269 93 396 
261 93 376 396 
262 94 265 383 
263 265 94 395 
264 94 381 395 
265 374 95 421 
266 95 374 426 
267 95 386 421 
268 96 107 402 
269 364 96 402 
270 96 364 420 
271 388 97 422 
272 97 389 401 
273 97 401 422 
274 98 271 276 
275 271 98 387 
276 98 276 378 
277 272 99 342 
278 99 272 343 
279 342 99 406 
280 99 343 414 
281 270 100 370 
282 100 270 391 
283 100 302 370 
284 302 100 397 
285 268 101 337 
286 101 268 394 
287 337 101 338 
288 338 101 410 
289 102 262 377 
290 262 102 398 
291 102 379 398 
292 103 366 407 
293 366 103 408 
294 390 103 407 
295 104 319 369 
296 319 104 375 
297 104 369 393 
298 341 105 384 
299 105 341 404 
300 392 105 404 
301 372 106 373 
302 106 372 425 
303 373 106 416 
304 385 106 425 
305 107 108 402 
306 108 109 110 
307 108 110 280 
308 108 280 402 
309 110 109 111 
310 111 109 399 
311 109 380 399 
312 110 111 112 
313 110 112 113 
314 110 113 280 
315 112 111 282 
316 111 278 282 
317 278 111 399 
318 113 112 114 
319 114 112 115 
320 115 112 282 
321 113 114 281 
322 280 113 359 
323 113 281 359 
324 114 115 116 
325 114 116 117 
326 114 117 281 
327 116 115 283 
328 115 282 284 
329 283 115 284 
330 117 116 118 
331 118 116 119 
332 119 116 283 
333 117 118 288 
334 281 117 289 
335 117 288 289 
336 118 119 120 
337 118 120 121 
338 118 121 288 
339 120 119 294 
340 119 283 286 
341 119 286 294 
342 121 120 122 
343 122 120 123 
344 123 120 294 
345 121 122 295 
346 288 121 296 
347 121 295 296 
348 122 123 124 
349 122 124 125 
350 122 125 295 
351 124 123 293 
352 123 292 293 
353 292 123 294 
354 125 124 126 
355 126 124 127 
356 127 124 293 
357 125 126 297 
358 295 125 298 
359 125 297 298 
360 126 127 128 
361 126 128 129 
362 126 129 297 
363 128 127 131 
364 131 127 153 
365 153 127 293 
366 129 128 130 
367 130 128 311 
368 128 131 311 
369 129 130 132 
370 129 132 299 
371 297 129 299 
372 132 130 133 
373 133 130 333 
374 130 311 333 
375 131 153 154 
376 131 154 198 
377 131 198 311 
378 132 133 134 
379 132 134 135 
380 132 135 299 
381 134 133 136 
382 136 133 137 
383 137 133 333 
384 135 134 138 
385 134 136 339 
386 138 134 339 
387 135 138 139 
388 135 139 300 
389 299 135 300 
390 136 137 140 
391 136 140 350 
392 339 136 350 
393 140 137 141 
394 141 137 313 
395 313 137 333 
396 139 138 142 
397 142 138 330 
398 330 138 339 
399 139 142 143 
400 139 143 144 
401 139 144 300 
402 140 141 147 
403 140 147 150 
404 140 150 350 
405 147 141 148 
406 148 141 149 
407 149 141 313 
408 143 142 163 
409 163 142 164 
410 164 142 330 
411 144 143 145 
412 145 143 321 
413 143 163 321 
414 144 145 146 
415 144 146 196 
416 144 196 300 
417 146 145 161 
418 161 145 171 
419 171 145 321 
420 146 161 162 
421 146 162 332 
422 196 146 332 
423 147 148 170 
424 150 147 317 
425 147 170 317 
426 148 149 151 
427 148 151 315 
428 170 148 315 
429 151 149 152 
430 152 149 239 
431 239 149 313 
432 150 317 351 
433 150 348 350 
434 348 150 351 
435 151 152 167 
436 151 167 182 
437 151 182 315 
438 167 152 306 
439 152 239 240 
440 152 240 306 
441 154 153 155 
442 155 153 217 
443 217 153 293 
444 154 155 156 
445 154 156 310 
446 198 154 310 
447 156 155 157 
448 157 155 344 
449 155 217 344 
450 156 157 158 
451 156 158 308 
452 156 308 310 
453 158 157 159 
454 159 157 160 
455 160 157 344 
456 158 159 165 
457 158 165 166 
458 158 166 308 
459 159 160 168 
460 165 159 327 
461 159 168 327 
462 168 160 169 
463 169 160 180 
464 180 160 344 
465 162 161 172 
466 161 171 334 
467 172 161 334 
468 162 172 173 
469 162 173 174 
470 162 174 332 
471 163 164 183 
472 163 183 322 
473 321 163 322 
474 183 164 184 
475 184 164 199 
476 199 164 330 
477 166 165 176 
478 176 165 188 
479 188 165 327 
480 166 176 177 
481 166 177 197 
482 166 197 308 
483 182 167 190 
484 190 167 191 
485 191 167 306 
486 168 169 346 
487 327 168 356 
488 168 346 356 
489 169 180 181 
490 169 181 185 
491 169 185 346 
492 314 170 315 
493 170 314 316 
494 170 316 317 
495 320 171 321 
496 171 320 353 
497 334 171 353 
498 173 172 203 
499 203 172 204 
500 204 172 334 
501 174 173 175 
502 175 173 335 
503 173 203 335 
504 174 175 178 
505 174 178 220 
506 174 220 332 
507 178 175 179 
508 179 175 192 
509 192 175 335 
510 177 176 201 
511 176 188 323 
512 201 176 323 
513 197 177 304 
514 177 201 202 
515 177 202 304 
516 178 179 349 
517 220 178 221 
518 221 178 349 
519 179 192 193 
520 179 193 194 
521 179 194 349 
522 181 180 290 
523 290 180 291 
524 291 180 344 
525 185 181 186 
526 186 181 187 
527 187 181 290 
528 182 190 211 
529 182 211 219 
530 182 219 315 
531 183 184 206 
532 183 206 207 
533 183 207 322 
534 184 199 200 
535 184 200 329 
536 206 184 329 
537 185 186 212 
538 185 212 213 
539 185 213 346 
540 186 187 189 
541 186 189 328 
542 212 186 328 
543 189 187 195 
544 195 187 216 
545 216 187 290 
546 323 188 324 
547 324 188 325 
548 325 188 327 
549 189 195 205 
550 189 205 229 
551 189 229 328 
552 190 191 208 
553 190 208 345 
554 211 190 345 
555 208 191 218 
556 218 191 238 
557 238 191 306 
558 193 192 232 
559 232 192 233 
560 233 192 335 
561 194 193 209 
562 209 193 363 
563 193 232 363 
564 194 209 210 
565 194 210 215 
566 194 215 349 
567 205 195 214 
568 214 195 285 
569 195 216 285 
570 300 196 355 
571 331 196 332 
572 196 331 355 
573 197 304 305 
574 197 305 307 
575 197 307 308 
576 309 198 310 
577 198 309 312 
578 311 198 312 
579 200 199 222 
580 222 199 241 
581 241 199 330 
582 200 222 223 
583 200 223 224 
584 200 224 329 
585 202 201 234 
586 234 201 242 
587 242 201 323 
588 202 234 235 
589 202 235 303 
590 202 303 304 
591 203 204 245 
592 203 245 336 
593 335 203 336 
594 245 204 246 
595 246 204 247 
596 247 204 334 
597 205 214 228 
598 205 228 337 
599 229 205 337 
600 207 206 253 
601 253 206 254 
602 254 206 329 
603 207 253 255 
604 207 255 256 
605 207 256 322 
606 208 218 252 
607 208 252 262 
608 208 262 345 
609 210 209 230 
610 230 209 272 
611 272 209 363 
612 215 210 360 
613 210 230 231 
614 210 231 360 
615 219 211 243 
616 243 211 261 
617 261 211 345 
618 213 212 259 
619 259 212 260 
620 260 212 328 
621 213 259 263 
622 213 263 264 
623 213 264 346 
624 228 214 236 
625 236 214 284 
626 284 214 285 
627 215 289 352 
628 289 215 360 
629 349 215 352 
630 285 216 286 
631 286 216 287 
632 287 216 290 
633 291 217 292 
634 217 291 344 
635 292 217 293 
636 218 238 303 
637 252 218 301 
638 301 218 303 
639 219 243 244 
640 219 244 314 
641 219 314 315 
642 220 221 237 
643 220 237 331 
644 220 331 332 
645 237 221 296 
646 296 221 352 
647 221 349 352 
648 223 222 225 
649 225 222 348 
650 222 241 348 
651 224 223 340 
652 223 225 226 
653 223 226 340 
654 329 224 347 
655 224 340 341 
656 224 341 347 
657 226 225 227 
658 227 225 351 
659 225 348 351 
660 226 227 248 
661 226 248 275 
662 226 275 340 
663 248 227 249 
664 249 227 250 
665 250 227 351 
666 228 236 267 
667 228 267 268 
668 228 268 337 
669 328 229 357 
670 229 337 338 
671 229 338 357 
672 231 230 273 
673 230 272 342 
674 273 230 342 
675 231 273 274 
676 231 274 359 
677 231 359 360 
678 232 233 271 
679 232 271 400 
680 363 232 400 
681 271 233 276 
682 276 233 336 
683 233 335 336 
684 235 234 270 
685 234 242 371 
686 270 234 371 
687 235 270 370 
688 235 301 303 
689 301 235 370 
690 267 236 278 
691 278 236 282 
692 282 236 284 
693 295 237 296 
694 237 295 298 
695 237 298 331 
696 303 238 304 
697 304 238 305 
698 305 238 306 
699 240 239 309 
700 309 239 312 
701 312 239 313 
702 240 305 306 
703 305 240 307 
704 307 240 309 
705 241 330 339 
706 241 339 350 
707 348 241 350 
708 242 323 358 
709 242 358 401 
710 371 242 401 
711 244 243 369 
712 243 261 405 
713 369 243 405 
714 314 244 318 
715 318 244 319 
716 319 244 369 
717 245 246 279 
718 245 279 368 
719 336 245 368 
720 246 247 365 
721 279 246 362 
722 362 246 365 
723 247 334 353 
724 247 353 354 
725 247 354 365 
726 248 249 396 
727 275 248 412 
728 248 396 412 
729 249 250 251 
730 249 251 269 
731 249 269 396 
732 251 250 316 
733 316 250 317 
734 317 250 351 
735 269 251 361 
736 251 316 318 
737 251 318 361 
738 262 252 411 
739 252 301 302 
740 252 302 411 
741 253 254 407 
742 255 253 366 
743 366 253 407 
744 254 329 347 
745 254 347 409 
746 407 254 409 
747 256 255 257 
748 257 255 418 
749 255 366 418 
750 256 257 258 
751 256 258 320 
752 256 320 322 
753 258 257 372 
754 372 257 425 
755 257 418 425 
756 320 258 353 
757 353 258 354 
758 354 258 372 
759 259 260 421 
760 263 259 413 
761 413 259 421 
762 260 328 357 
763 260 357 374 
764 260 374 421 
765 261 345 398 
766 379 261 398 
767 345 262 398 
768 377 262 411 
769 264 263 265 
770 265 263 419 
771 263 413 419 
772 264 265 266 
773 264 266 356 
774 346 264 356 
775 266 265 395 
776 383 265 419 
777 325 266 326 
778 266 325 356 
779 326 266 395 
780 277 267 278 
781 271 387 400 
782 343 272 363 
783 274 273 364 
784 274 280 359 
785 280 274 402 
786 274 364 402 
787 340 275 404 
788 275 392 404 
789 276 336 368 
790 276 368 378 
791 277 278 399 
792 279 362 403 
793 281 289 360 
794 359 281 360 
795 283 284 285 
796 283 285 286 
797 286 287 294 
798 287 290 291 
799 287 291 292 
800 287 292 294 
801 289 288 352 
802 288 296 352 
803 298 297 355 
804 297 299 355 
805 331 298 355 
806 299 300 355 
807 302 301 370 
808 308 307 310 
809 307 309 310 
810 311 312 333 
811 312 313 333 
812 316 314 318 
813 318 319 361 
814 361 319 375 
815 320 321 322 
816 323 324 358 
817 324 325 326 
818 324 326 367 
819 358 324 367 
820 325 327 356 
821 367 326 417 
822 326 395 417 
823 341 340 404 
824 347 341 423 
825 341 384 423 
826 343 363 400 
827 409 347 423 
828 365 354 373 
829 354 372 373 
830 358 367 422 
831 401 358 422 
832 403 362 424 
833 367 388 422 
834 393 369 405 
835 389 371 401 
836 396 376 412 
837 395 381 417 
838 418 385 425 
839 386 413 421 
840 390 407 409 
2 3 2 979
841 3 427 1 
842 1 818 3 
843 427 660 1 
844 1 734 428 
845 428 818 1 
846 660 734 1 
847 13 857 2 
848 2 858 13 
849 2 857 14 
850 75 858 2 
851 4 650 3 
852 3 866 4 
853 3 650 427 
854 818 866 3 
855 5 671 4 
856 4 855 5 
857 4 671 650 
858 4 866 855 
859 6 438 5 
860 5 439 6 
861 438 671 5 
862 5 855 439 
863 7 701 6 
864 6 702 7 
865 6 701 438 
866 439 702 6 
867 8 651 7 
868 7 703 8 
869 651 701 7 
870 702 703 7 
871 9 442 8 
872 8 443 9 
873 442 651 8 
874 8 703 443 
875 9 705 10 
876 10 799 9 
877 9 799 442 
878 443 705 9 
879 10 446 11 
880 11 447 10 
881 10 705 446 
882 447 799 10 
883 11 462 12 
884 12 700 11 
885 446 462 11 
886 11 700 447 
887 13 460 12 
888 12 461 13 
889 460 700 12 
890 12 462 461 
891 13 858 460 
892 461 857 13 
893 14 816 15 
894 14 857 816 
895 15 449 16 
896 15 816 449 
897 16 872 17 
898 449 872 16 
899 17 444 18 
900 17 872 444 
901 18 784 19 
902 444 784 18 
903 19 802 20 
904 784 802 19 
905 20 441 21 
906 20 802 441 
907 21 781 22 
908 441 781 21 
909 22 453 23 
910 22 781 453 
911 23 782 24 
912 453 782 23 
913 24 434 25 
914 24 782 434 
915 25 783 26 
916 434 783 25 
917 26 452 27 
918 26 783 452 
919 27 849 28 
920 452 849 27 
921 28 867 29 
922 28 849 736 
923 736 867 28 
924 29 436 30 
925 29 867 436 
926 30 788 31 
927 436 788 30 
928 31 455 32 
929 31 788 455 
930 32 865 33 
931 455 865 32 
932 33 750 34 
933 33 865 750 
934 34 432 35 
935 34 750 432 
936 35 870 36 
937 432 870 35 
938 36 454 37 
939 36 870 454 
940 37 863 38 
941 454 863 37 
942 38 832 39 
943 771 832 38 
944 38 863 771 
945 39 430 40 
946 39 832 430 
947 40 670 41 
948 430 670 40 
949 41 853 42 
950 670 853 41 
951 42 458 43 
952 42 853 458 
953 43 785 44 
954 458 785 43 
955 44 429 45 
956 44 785 429 
957 45 787 46 
958 429 787 45 
959 46 459 47 
960 46 787 459 
961 47 852 48 
962 459 852 47 
963 48 766 49 
964 48 852 766 
965 49 431 50 
966 49 766 431 
967 50 831 51 
968 431 831 50 
969 51 862 52 
970 51 831 653 
971 653 862 51 
972 52 457 53 
973 52 862 457 
974 53 778 54 
975 457 778 53 
976 54 433 55 
977 54 778 433 
978 55 846 56 
979 433 846 55 
980 56 791 57 
981 56 846 791 
982 57 456 58 
983 57 791 456 
984 58 786 59 
985 456 786 58 
986 59 437 60 
987 59 786 437 
988 60 790 61 
989 437 790 60 
990 61 789 62 
991 61 790 789 
992 62 451 63 
993 62 789 451 
994 63 773 64 
995 451 773 63 
996 64 435 65 
997 64 773 435 
998 65 767 66 
999 435 767 65 
1000 66 450 67 
1001 66 767 450 
1002 67 859 68 
1003 450 859 67 
1004 68 440 69 
1005 68 859 440 
1006 69 780 70 
1007 440 780 69 
1008 70 835 71 
1009 780 835 70 
1010 71 445 72 
1011 71 835 445 
1012 72 810 73 
1013 445 810 72 
1014 73 448 74 
1015 73 810 448 
1016 74 817 75 
1017 448 817 74 
1018 817 858 75 
1019 642 644 427 
1020 427 828 642 
1021 644 660 427 
1022 650 828 427 
1023 658 662 428 
1024 428 734 658 
1025 662 664 428 
1026 664 818 428 
1027 785 826 429 
1028 429 836 787 
1029 826 836 429 
1030 669 670 430 
1031 430 796 669 
1032 430 832 796 
1033 652 831 431 
1034 431 850 652 
1035 766 850 431 
1036 432 750 749 
1037 749 864 432 
1038 432 864 772 
1039 772 870 432 
1040 776 777 433 
1041 433 778 776 
1042 777 846 433 
1043 434 782 739 
1044 739 838 434 
1045 434 838 783 
1046 721 722 435 
1047 435 773 721 
1048 722 767 435 
1049 436 839 788 
1050 436 861 839 
1051 436 867 861 
1052 437 786 762 
1053 762 847 437 
1054 437 847 790 
1055 438 841 671 
1056 701 775 438 
1057 775 841 438 
1058 439 823 702 
1059 805 823 439 
1060 439 855 805 
1061 440 689 688 
1062 688 780 440 
1063 440 694 689 
1064 440 859 694 
1065 441 809 781 
1066 441 802 798 
1067 798 809 441 
1068 442 843 651 
1069 799 843 442 
1070 703 758 443 
1071 443 706 705 
1072 443 758 706 
1073 764 820 444 
1074 444 872 764 
1075 444 820 784 
1076 445 740 693 
1077 693 810 445 
1078 696 740 445 
1079 445 835 696 
1080 446 463 462 
1081 446 464 463 
1082 446 705 464 
1083 690 691 447 
1084 447 856 690 
1085 691 799 447 
1086 700 856 447 
1087 448 693 692 
1088 692 833 448 
1089 448 810 693 
1090 448 833 817 
1091 449 763 640 
1092 640 764 449 
1093 449 816 763 
1094 764 872 449 
1095 450 807 694 
1096 694 859 450 
1097 767 807 450 
1098 451 824 773 
1099 789 851 451 
1100 451 851 824 
1101 452 815 735 
1102 735 849 452 
1103 783 815 452 
1104 781 844 453 
1105 453 869 782 
1106 844 869 453 
1107 638 770 454 
1108 454 772 638 
1109 770 863 454 
1110 454 870 772 
1111 455 854 779 
1112 779 865 455 
1113 788 854 455 
1114 630 786 456 
1115 456 842 630 
1116 791 842 456 
1117 668 778 457 
1118 457 829 668 
1119 457 862 829 
1120 458 840 785 
1121 811 840 458 
1122 458 853 811 
1123 459 830 765 
1124 765 852 459 
1125 787 830 459 
1126 460 833 700 
1127 817 833 460 
1128 460 858 817 
1129 462 763 461 
1130 763 816 461 
1131 816 857 461 
1132 463 763 462 
1133 464 465 463 
1134 465 640 463 
1135 640 763 463 
1136 464 466 465 
1137 464 706 466 
1138 705 706 464 
1139 466 467 465 
1140 467 744 465 
1141 465 744 640 
1142 466 468 467 
1143 466 675 468 
1144 466 706 675 
1145 468 469 467 
1146 469 590 467 
1147 590 744 467 
1148 468 470 469 
1149 468 471 470 
1150 468 675 471 
1151 470 716 469 
1152 469 591 590 
1153 469 716 591 
1154 471 472 470 
1155 472 473 470 
1156 473 716 470 
1157 471 697 472 
1158 675 748 471 
1159 471 748 697 
1160 472 474 473 
1161 472 475 474 
1162 472 697 475 
1163 474 527 473 
1164 527 562 473 
1165 562 716 473 
1166 475 476 474 
1167 476 704 474 
1168 474 704 527 
1169 475 477 476 
1170 475 564 477 
1171 475 697 564 
1172 477 478 476 
1173 478 479 476 
1174 479 704 476 
1175 477 676 478 
1176 564 569 477 
1177 569 676 477 
1178 478 480 479 
1179 478 481 480 
1180 478 676 481 
1181 480 729 479 
1182 479 730 704 
1183 729 730 479 
1184 481 482 480 
1185 482 534 480 
1186 534 729 480 
1187 481 483 482 
1188 481 550 483 
1189 481 676 550 
1190 483 484 482 
1191 484 742 482 
1192 482 742 534 
1193 483 485 484 
1194 483 665 485 
1195 550 665 483 
1196 485 486 484 
1197 486 519 484 
1198 519 742 484 
1199 485 487 486 
1200 485 553 487 
1201 485 665 553 
1202 487 488 486 
1203 488 726 486 
1204 486 726 519 
1205 487 489 488 
1206 487 679 489 
1207 553 679 487 
1208 489 490 488 
1209 490 535 488 
1210 535 726 488 
1211 489 491 490 
1212 489 492 491 
1213 489 679 492 
1214 491 747 490 
1215 490 595 535 
1216 490 747 595 
1217 492 493 491 
1218 493 494 491 
1219 494 747 491 
1220 492 672 493 
1221 492 814 672 
1222 679 814 492 
1223 493 495 494 
1224 493 496 495 
1225 493 672 496 
1226 495 530 494 
1227 530 531 494 
1228 531 747 494 
1229 496 497 495 
1230 497 751 495 
1231 495 751 530 
1232 496 498 497 
1233 496 532 498 
1234 496 672 532 
1235 498 499 497 
1236 499 505 497 
1237 505 751 497 
1238 498 500 499 
1239 498 659 500 
1240 532 659 498 
1241 500 501 499 
1242 501 753 499 
1243 499 753 505 
1244 500 502 501 
1245 500 568 502 
1246 500 659 568 
1247 502 503 501 
1248 503 741 501 
1249 741 753 501 
1250 502 504 503 
1251 502 674 504 
1252 568 674 502 
1253 504 506 503 
1254 506 528 503 
1255 528 741 503 
1256 504 507 506 
1257 504 508 507 
1258 504 674 508 
1259 505 761 751 
1260 753 774 505 
1261 505 774 761 
1262 507 725 506 
1263 506 543 528 
1264 506 725 543 
1265 508 509 507 
1266 509 533 507 
1267 533 725 507 
1268 508 510 509 
1269 508 529 510 
1270 508 674 529 
1271 510 511 509 
1272 511 745 509 
1273 509 745 533 
1274 510 512 511 
1275 510 678 512 
1276 529 678 510 
1277 512 513 511 
1278 513 526 511 
1279 526 745 511 
1280 512 514 513 
1281 512 545 514 
1282 512 678 545 
1283 514 515 513 
1284 515 737 513 
1285 513 737 526 
1286 514 516 515 
1287 514 677 516 
1288 545 677 514 
1289 516 517 515 
1290 517 540 515 
1291 540 737 515 
1292 516 518 517 
1293 516 520 518 
1294 516 677 520 
1295 518 699 517 
1296 517 541 540 
1297 517 699 541 
1298 520 521 518 
1299 521 522 518 
1300 522 699 518 
1301 726 757 519 
1302 519 743 742 
1303 519 757 743 
1304 520 707 521 
1305 677 794 520 
1306 520 794 707 
1307 521 523 522 
1308 521 524 523 
1309 521 707 524 
1310 523 760 522 
1311 522 752 699 
1312 522 760 752 
1313 524 525 523 
1314 525 536 523 
1315 536 760 523 
1316 524 673 525 
1317 524 724 673 
1318 707 724 524 
1319 525 537 536 
1320 525 538 537 
1321 525 673 538 
1322 737 755 526 
1323 526 804 745 
1324 755 804 526 
1325 527 563 562 
1326 527 573 563 
1327 527 704 573 
1328 543 546 528 
1329 546 549 528 
1330 549 741 528 
1331 647 825 529 
1332 529 837 647 
1333 674 837 529 
1334 529 825 678 
1335 530 542 531 
1336 530 698 542 
1337 530 751 698 
1338 542 544 531 
1339 544 759 531 
1340 531 759 747 
1341 532 656 654 
1342 654 659 532 
1343 532 672 656 
1344 533 754 725 
1345 745 746 533 
1346 746 754 533 
1347 534 813 729 
1348 742 801 534 
1349 801 813 534 
1350 595 596 535 
1351 596 597 535 
1352 597 726 535 
1353 537 793 536 
1354 536 768 760 
1355 536 793 768 
1356 538 539 537 
1357 539 551 537 
1358 551 793 537 
1359 538 547 539 
1360 538 555 547 
1361 538 673 555 
1362 547 548 539 
1363 548 728 539 
1364 539 728 551 
1365 541 552 540 
1366 552 577 540 
1367 577 737 540 
1368 541 554 552 
1369 541 570 554 
1370 541 699 570 
1371 542 556 544 
1372 542 557 556 
1373 542 698 557 
1374 543 560 546 
1375 543 574 560 
1376 543 725 574 
1377 556 558 544 
1378 558 559 544 
1379 559 759 544 
1380 545 795 677 
1381 678 821 545 
1382 545 821 795 
1383 546 715 549 
1384 560 561 546 
1385 561 715 546 
1386 547 680 548 
1387 555 565 547 
1388 565 680 547 
1389 680 681 548 
1390 681 682 548 
1391 682 728 548 
1392 715 819 549 
1393 549 803 741 
1394 549 819 803 
1395 663 665 550 
1396 550 666 663 
1397 550 848 666 
1398 676 848 550 
1399 728 800 551 
1400 551 822 793 
1401 800 822 551 
1402 554 711 552 
1403 552 578 577 
1404 552 711 578 
1405 553 663 661 
1406 661 860 553 
1407 553 665 663 
1408 553 860 679 
1409 570 571 554 
1410 571 627 554 
1411 627 711 554 
1412 555 592 565 
1413 555 593 592 
1414 555 673 593 
1415 557 566 556 
1416 556 710 558 
1417 566 710 556 
1418 557 567 566 
1419 557 580 567 
1420 557 698 580 
1421 558 587 559 
1422 558 589 587 
1423 558 710 589 
1424 587 588 559 
1425 588 769 559 
1426 559 769 759 
1427 560 712 561 
1428 574 575 560 
1429 575 712 560 
1430 712 713 561 
1431 713 714 561 
1432 714 715 561 
1433 563 619 562 
1434 619 756 562 
1435 562 756 716 
1436 573 584 563 
1437 584 738 563 
1438 563 738 619 
1439 564 622 569 
1440 564 623 622 
1441 564 697 623 
1442 592 594 565 
1443 594 621 565 
1444 621 680 565 
1445 567 586 566 
1446 586 669 566 
1447 669 710 566 
1448 580 581 567 
1449 581 708 567 
1450 567 708 586 
1451 659 868 568 
1452 568 837 674 
1453 568 868 837 
1454 622 624 569 
1455 624 848 569 
1456 569 848 676 
1457 570 572 571 
1458 570 752 572 
1459 699 752 570 
1460 572 717 571 
1461 571 628 627 
1462 571 717 628 
1463 572 718 717 
1464 572 719 718 
1465 572 752 719 
1466 573 585 584 
1467 573 730 585 
1468 704 730 573 
1469 574 576 575 
1470 574 754 576 
1471 725 754 574 
1472 576 611 575 
1473 611 652 575 
1474 652 712 575 
1475 576 612 611 
1476 576 613 612 
1477 576 754 613 
1478 578 579 577 
1479 579 755 577 
1480 577 755 737 
1481 578 620 579 
1482 578 630 620 
1483 578 711 630 
1484 620 806 579 
1485 579 812 755 
1486 806 812 579 
1487 580 582 581 
1488 580 761 582 
1489 698 761 580 
1490 582 583 581 
1491 583 610 581 
1492 610 708 581 
1493 582 625 583 
1494 582 774 625 
1495 761 774 582 
1496 583 731 610 
1497 625 626 583 
1498 626 731 583 
1499 585 616 584 
1500 616 739 584 
1501 584 739 738 
1502 585 845 616 
1503 730 827 585 
1504 827 845 585 
1505 586 670 669 
1506 586 811 670 
1507 708 811 586 
1508 587 638 588 
1509 589 770 587 
1510 587 770 638 
1511 638 808 588 
1512 588 797 769 
1513 588 808 797 
1514 710 796 589 
1515 589 771 770 
1516 589 796 771 
1517 591 618 590 
1518 618 820 590 
1519 590 820 744 
1520 591 798 618 
1521 716 756 591 
1522 756 798 591 
1523 593 632 592 
1524 592 775 594 
1525 632 775 592 
1526 593 633 632 
1527 593 724 633 
1528 673 724 593 
1529 594 651 621 
1530 594 701 651 
1531 594 775 701 
1532 595 769 596 
1533 747 759 595 
1534 759 769 595 
1535 596 598 597 
1536 596 797 598 
1537 769 797 596 
1538 598 599 597 
1539 599 757 597 
1540 597 757 726 
1541 598 600 599 
1542 598 606 600 
1543 598 797 606 
1544 600 601 599 
1545 601 602 599 
1546 602 757 599 
1547 600 733 601 
1548 606 607 600 
1549 607 733 600 
1550 601 603 602 
1551 601 629 603 
1552 601 733 629 
1553 603 604 602 
1554 604 743 602 
1555 743 757 602 
1556 603 605 604 
1557 603 727 605 
1558 629 727 603 
1559 605 608 604 
1560 608 801 604 
1561 604 801 743 
1562 605 609 608 
1563 605 631 609 
1564 605 727 631 
1565 606 749 607 
1566 606 808 749 
1567 797 808 606 
1568 607 779 733 
1569 749 750 607 
1570 750 779 607 
1571 609 639 608 
1572 639 813 608 
1573 608 813 801 
1574 631 735 609 
1575 609 641 639 
1576 609 735 641 
1577 610 840 708 
1578 731 826 610 
1579 826 840 610 
1580 612 829 611 
1581 611 653 652 
1582 611 829 653 
1583 613 614 612 
1584 614 668 612 
1585 668 829 612 
1586 613 615 614 
1587 613 746 615 
1588 613 754 746 
1589 615 617 614 
1590 617 776 614 
1591 614 776 668 
1592 615 812 617 
1593 746 804 615 
1594 804 812 615 
1595 641 815 616 
1596 616 845 641 
1597 616 838 739 
1598 815 838 616 
1599 617 777 776 
1600 617 806 777 
1601 617 812 806 
1602 618 802 784 
1603 784 820 618 
1604 798 802 618 
1605 738 844 619 
1606 619 809 756 
1607 619 844 809 
1608 630 842 620 
1609 620 871 806 
1610 842 871 620 
1611 651 843 621 
1612 621 709 680 
1613 621 843 709 
1614 623 823 622 
1615 622 805 624 
1616 622 823 805 
1617 697 748 623 
1618 748 792 623 
1619 792 823 623 
1620 664 666 624 
1621 624 667 664 
1622 666 848 624 
1623 624 805 667 
1624 625 819 626 
1625 774 803 625 
1626 803 819 625 
1627 626 732 731 
1628 626 834 732 
1629 819 834 626 
1630 628 847 627 
1631 627 762 711 
1632 627 847 762 
1633 717 851 628 
1634 789 790 628 
1635 628 851 789 
1636 790 847 628 
1637 629 839 727 
1638 733 854 629 
1639 629 854 839 
1640 711 762 630 
1641 762 786 630 
1642 727 861 631 
1643 631 736 735 
1644 631 861 736 
1645 633 634 632 
1646 634 841 632 
1647 632 841 775 
1648 633 635 634 
1649 633 636 635 
1650 633 724 636 
1651 635 828 634 
1652 650 671 634 
1653 634 828 650 
1654 671 841 634 
1655 636 637 635 
1656 637 642 635 
1657 642 828 635 
1658 636 794 637 
1659 636 724 707 
1660 707 794 636 
1661 637 643 642 
1662 637 795 643 
1663 794 795 637 
1664 772 864 638 
1665 638 864 808 
1666 641 845 639 
1667 639 827 813 
1668 639 845 827 
1669 744 764 640 
1670 735 815 641 
1671 643 644 642 
1672 643 645 644 
1673 643 821 645 
1674 795 821 643 
1675 645 646 644 
1676 646 660 644 
1677 645 647 646 
1678 645 825 647 
1679 821 825 645 
1680 647 648 646 
1681 648 649 646 
1682 649 660 646 
1683 647 868 648 
1684 837 868 647 
1685 648 654 649 
1686 648 659 654 
1687 648 868 659 
1688 654 655 649 
1689 655 734 649 
1690 649 734 660 
1691 653 831 652 
1692 652 850 712 
1693 829 862 653 
1694 654 656 655 
1695 656 657 655 
1696 657 658 655 
1697 658 734 655 
1698 656 814 657 
1699 672 814 656 
1700 657 661 658 
1701 657 860 661 
1702 814 860 657 
1703 661 662 658 
1704 661 663 662 
1705 663 666 662 
1706 662 666 664 
1707 667 818 664 
1708 805 855 667 
1709 667 866 818 
1710 855 866 667 
1711 776 778 668 
1712 669 796 710 
1713 811 853 670 
1714 706 758 675 
1715 675 758 748 
1716 677 795 794 
1717 678 825 821 
1718 679 860 814 
1719 680 709 681 
1720 681 683 682 
1721 681 686 683 
1722 681 709 686 
1723 683 684 682 
1724 684 685 682 
1725 685 728 682 
1726 683 740 684 
1727 686 687 683 
1728 687 740 683 
1729 684 688 685 
1730 684 696 688 
1731 684 740 696 
1732 688 689 685 
1733 689 800 685 
1734 685 800 728 
1735 686 690 687 
1736 686 691 690 
1737 686 709 691 
1738 690 692 687 
1739 692 693 687 
1740 693 740 687 
1741 696 780 688 
1742 694 695 689 
1743 695 800 689 
1744 690 856 692 
1745 709 843 691 
1746 691 843 799 
1747 692 856 833 
1748 694 807 695 
1749 695 822 800 
1750 807 873 695 
1751 695 873 822 
1752 696 835 780 
1753 751 761 698 
1754 833 856 700 
1755 702 792 703 
1756 702 823 792 
1757 703 792 758 
1758 708 840 811 
1759 712 850 713 
1760 713 765 714 
1761 713 766 765 
1762 713 850 766 
1763 714 834 715 
1764 765 830 714 
1765 830 834 714 
1766 715 834 819 
1767 718 824 717 
1768 824 851 717 
1769 719 720 718 
1770 720 721 718 
1771 721 824 718 
1772 719 768 720 
1773 752 760 719 
1774 760 768 719 
1775 720 722 721 
1776 720 723 722 
1777 720 768 723 
1778 773 824 721 
1779 723 873 722 
1780 722 807 767 
1781 722 873 807 
1782 768 793 723 
1783 793 822 723 
1784 822 873 723 
1785 839 861 727 
1786 729 827 730 
1787 813 827 729 
1788 732 836 731 
1789 731 836 826 
1790 732 830 787 
1791 787 836 732 
1792 732 834 830 
1793 779 854 733 
1794 736 849 735 
1795 861 867 736 
1796 739 869 738 
1797 738 869 844 
1798 782 869 739 
1799 741 803 753 
1800 743 801 742 
1801 744 820 764 
1802 745 804 746 
1803 758 792 748 
1804 808 864 749 
1805 750 865 779 
1806 753 803 774 
1807 755 812 804 
1808 756 809 798 
1809 766 852 765 
1810 771 863 770 
1811 796 832 771 
1812 806 871 777 
1813 777 871 846 
1814 809 844 781 
1815 783 838 815 
1816 785 840 826 
1817 839 854 788 
1818 791 871 842 
1819 846 871 791 
3 1 4 4326
1820 885 961 957 1043 
1821 961 1043 885 1107 
1822 519 905 726 943 
1823 950 1013 543 1117 
1824 664 914 937 980 
1825 878 957 961 1043 
1826 664 937 914 994 
1827 878 1043 961 1107 
1828 543 950 915 1013 
1829 153 1026 897 1064 
1830 632 941 968 1003 
1831 933 1016 665 1019 
1832 799 1000 911 1081 
1833 908 671 980 1003 
1834 952 938 1031 1111 
1835 241 1082 986 1112 
1836 280 991 587 1093 
1837 198 920 1005 1049 
1838 222 1082 241 1112 
1839 153 1005 897 1026 
1840 198 1005 929 1049 
1841 929 1005 920 1049 
1842 921 946 730 1029 
1843 587 280 589 991 
1844 799 911 9 1081 
1845 726 943 905 1041 
1846 125 972 913 1027 
1847 799 939 911 1000 
1848 179 924 907 1007 
1849 881 941 918 1142 
1850 108 280 587 1093 
1851 880 890 930 938 
1852 462 990 370 1118 
1853 912 980 5 1003 
1854 589 587 108 280 
1855 768 901 964 1136 
1856 159 158 958 1030 
1857 153 293 1026 1064 
1858 346 946 921 1039 
1859 159 1030 958 1076 
1860 297 972 910 1014 
1861 768 964 996 1136 
1862 127 153 897 1064 
1863 906 1019 937 1155 
1864 144 1008 931 1051 
1865 158 958 1030 1160 
1866 650 908 671 980 
1867 110 280 108 1093 
1868 125 923 972 1027 
1869 274 589 280 1052 
1870 671 5 980 1003 
1871 589 991 280 1052 
1872 621 968 899 989 
1873 825 902 529 947 
1874 473 951 527 1042 
1875 930 952 938 1031 
1876 402 274 589 280 
1877 933 1016 943 1094 
1878 527 951 921 1042 
1879 905 943 519 1017 
1880 880 930 890 1088 
1881 621 989 899 1000 
1882 363 976 731 1044 
1883 945 1042 564 1128 
1884 632 941 592 968 
1885 153 127 897 1005 
1886 305 1072 1025 1078 
1887 890 938 880 1162 
1888 319 685 978 1048 
1889 926 1023 315 1134 
1890 891 883 979 1135 
1891 158 1030 981 1160 
1892 10 911 799 939 
1893 730 921 573 946 
1894 891 1061 883 1135 
1895 301 462 12 990 
1896 895 969 758 974 
1897 664 667 914 980 
1898 158 981 958 1160 
1899 632 968 592 1003 
1900 907 924 179 976 
1901 952 985 938 1111 
1902 961 1068 174 1141 
1903 880 890 943 1088 
1904 902 947 825 1035 
1905 758 969 895 1070 
1906 880 943 890 1162 
1907 934 979 883 1135 
1908 529 902 825 983 
1909 881 908 941 1142 
1910 147 892 1023 1050 
1911 986 1082 927 1112 
1912 529 947 902 983 
1913 886 935 933 942 
1914 144 931 1020 1051 
1915 159 958 157 1076 
1916 880 943 933 1016 
1917 159 158 157 958 
1918 927 986 891 1082 
1919 986 1082 241 1104 
1920 664 994 914 1019 
1921 503 957 894 1013 
1922 941 1098 918 1142 
1923 147 1023 148 1050 
1924 913 972 923 1027 
1925 940 963 177 1101 
1926 182 1113 926 1134 
1927 345 856 992 1089 
1928 346 1033 921 1087 
1929 125 913 295 1027 
1930 1025 1072 973 1078 
1931 632 593 592 941 
1932 573 946 921 1087 
1933 147 892 971 1023 
1934 894 1068 961 1141 
1935 928 949 656 1036 
1936 888 1018 947 1020 
1937 147 971 892 1001 
1938 232 731 363 976 
1939 911 939 10 1089 
1940 485 943 1016 1094 
1941 880 954 943 1162 
1942 520 982 917 1061 
1943 198 920 970 1005 
1944 580 907 761 962 
1945 356 921 346 1033 
1946 650 908 980 1073 
1947 580 582 761 907 
1948 179 1007 907 1053 
1949 903 1004 188 1101 
1950 913 928 878 1107 
1951 319 685 689 978 
1952 315 1023 926 1050 
1953 12 990 11 1089 
1954 878 961 1069 1107 
1955 890 1031 938 1111 
1956 973 1025 887 1072 
1957 297 910 355 1014 
1958 503 504 957 1013 
1959 127 293 153 1064 
1960 947 1020 1018 1108 
1961 534 1015 916 1017 
1962 582 907 580 962 
1963 895 963 940 1101 
1964 110 991 280 1093 
1965 917 982 520 1060 
1966 914 945 622 1006 
1967 901 996 964 1136 
1968 724 977 941 1060 
1969 957 983 568 1043 
1970 182 992 1113 1134 
1971 661 1016 906 1019 
1972 692 345 856 992 
1973 252 301 12 990 
1974 473 903 470 951 
1975 352 965 893 985 
1976 141 1023 971 1028 
1977 657 906 661 949 
1978 602 757 1017 1154 
1979 147 1001 892 1050 
1980 875 897 929 994 
1981 926 1113 992 1134 
1982 1023 1025 152 1134 
1983 363 731 610 1044 
1984 257 614 372 1091 
1985 761 962 907 1130 
1986 470 903 473 1042 
1987 352 985 893 1105 
1988 235 370 990 1118 
1989 917 934 876 1021 
1990 726 519 757 905 
1991 475 564 1042 1128 
1992 176 188 1004 1101 
1993 152 1023 967 1025 
1994 174 961 332 1068 
1995 473 903 951 1042 
1996 906 994 937 1019 
1997 174 1007 961 1141 
1998 602 1017 953 1154 
1999 913 878 1069 1107 
2000 887 1025 973 1078 
2001 590 358 591 1004 
2002 543 1013 506 1117 
2003 883 891 979 1061 
2004 473 527 474 1042 
2005 921 946 346 1087 
2006 298 972 297 1014 
2007 303 963 911 1072 
2008 916 1015 534 1080 
2009 528 543 506 1117 
2010 151 1023 152 1134 
2011 219 926 182 1113 
2012 345 687 398 1113 
2013 151 315 1023 1134 
2014 743 602 757 1017 
2015 664 937 994 1019 
2016 888 947 931 1020 
2017 897 875 929 1005 
2018 504 975 957 1013 
2019 886 942 933 1015 
2020 529 975 947 983 
2021 573 921 1033 1087 
2022 913 972 910 1011 
2023 470 473 472 1042 
2024 141 313 1023 1028 
2025 980 1003 912 1056 
2026 957 975 568 983 
2027 318 978 689 1096 
2028 881 918 941 1133 
2029 911 887 1025 1072 
2030 908 1003 980 1056 
2031 886 935 942 1015 
2032 188 951 903 1030 
2033 358 1004 590 1079 
2034 917 956 794 988 
2035 875 929 914 994 
2036 162 174 332 1068 
2037 930 938 890 1031 
2038 319 978 244 1048 
2039 883 1020 947 1108 
2040 894 957 503 1002 
2041 928 1043 878 1107 
2042 933 943 880 1119 
2043 153 929 1005 1026 
2044 1023 1028 881 1133 
2045 885 893 960 1037 
2046 1008 1051 145 1165 
2047 165 903 188 1101 
2048 944 1026 293 1064 
2049 485 943 487 1016 
2050 971 1028 1023 1133 
2051 252 990 12 1089 
2052 873 996 249 1096 
2053 240 305 1025 1078 
2054 223 200 927 1125 
2055 881 967 968 989 
2056 480 1015 478 1029 
2057 664 914 1006 1019 
2058 257 614 1091 1161 
2059 188 903 951 1004 
2060 470 1004 903 1070 
2061 470 468 1004 1070 
2062 195 953 905 1129 
2063 246 712 245 1010 
2064 878 928 913 1011 
2065 298 913 972 1014 
2066 881 968 967 1023 
2067 897 877 929 994 
2068 885 960 893 965 
2069 222 927 1082 1112 
2070 5 438 912 1003 
2071 894 1013 950 1117 
2072 165 188 903 1030 
2073 303 304 963 1072 
2074 885 893 1037 1053 
2075 346 264 1033 1087 
2076 471 969 903 1042 
2077 527 921 474 1042 
2078 897 1026 944 1064 
2079 877 933 935 942 
2080 941 977 724 1114 
2081 475 564 697 1042 
2082 356 346 264 1033 
2083 122 1027 938 1046 
2084 874 906 987 1099 
2085 357 609 260 993 
2086 154 929 155 958 
2087 897 929 877 1026 
2088 893 885 965 1053 
2089 917 883 1061 1135 
2090 144 145 1008 1051 
2091 874 987 949 1099 
2092 678 825 947 1035 
2093 974 1072 973 1081 
2094 898 952 1031 1111 
2095 301 370 462 990 
2096 155 958 929 1026 
2097 895 1072 974 1081 
2098 133 134 995 1065 
2099 478 1015 942 1029 
2100 899 968 967 989 
2101 303 911 238 1072 
2102 894 961 1007 1141 
2103 899 1025 1023 1134 
2104 656 532 928 1036 
2105 470 472 903 1042 
2106 568 957 674 975 
2107 760 768 536 1136 
2108 906 949 657 1155 
2109 133 1065 995 1085 
2110 883 934 917 1021 
2111 200 959 927 1125 
2112 998 1091 614 1161 
2113 232 400 363 731 
2114 761 907 1037 1130 
2115 122 923 1027 1046 
2116 896 1039 946 1097 
2117 10 939 799 1089 
2118 155 929 154 1026 
2119 905 953 195 1032 
2120 319 689 318 978 
2121 933 935 886 1119 
2122 661 949 906 1016 
2123 357 609 993 1057 
2124 193 194 907 1044 
2125 125 298 295 913 
2126 896 946 921 1029 
2127 931 1008 888 1051 
2128 471 903 472 1042 
2129 481 483 933 1015 
2130 902 983 947 1150 
2131 704 921 730 1029 
2132 947 983 975 1150 
2133 471 697 969 1042 
2134 697 471 472 1042 
2135 195 285 905 1032 
2136 5 980 912 997 
2137 303 238 304 1072 
2138 973 974 895 1072 
2139 492 949 930 1036 
2140 930 952 491 1036 
2141 345 262 856 1089 
2142 879 938 930 952 
2143 899 968 621 1034 
2144 195 905 285 1129 
2145 619 326 1033 1138 
2146 9 799 10 911 
2147 897 1005 929 1026 
2148 949 987 906 1099 
2149 967 1023 899 1025 
2150 663 665 1016 1019 
2151 747 1031 898 1054 
2152 925 948 112 1012 
2153 327 951 921 1033 
2154 748 792 758 974 
2155 150 901 1112 1149 
2156 874 972 913 1011 
2157 933 1094 943 1119 
2158 747 898 531 1054 
2159 801 916 604 1017 
2160 925 948 797 1066 
2161 795 794 637 956 
2162 176 165 188 1101 
2163 821 902 825 1035 
2164 915 950 894 1013 
2165 481 933 942 1015 
2166 724 524 977 1060 
2167 582 907 962 1044 
2168 193 907 976 1044 
2169 893 952 879 960 
2170 938 1027 923 1046 
2171 795 917 794 988 
2172 916 953 604 1017 
2173 1016 1019 933 1062 
2174 198 970 311 1005 
2175 352 893 1102 1105 
2176 192 179 924 976 
2177 622 945 914 1152 
2178 894 1002 503 1117 
2179 246 279 245 712 
2180 179 175 924 1007 
2181 795 794 956 988 
2182 940 1070 466 1116 
2183 519 1017 943 1094 
2184 193 907 179 976 
2185 920 929 875 1005 
2186 891 1082 986 1104 
2187 908 875 980 1024 
2188 355 297 299 910 
2189 154 929 198 1005 
2190 712 1010 246 1148 
2191 769 797 948 1066 
2192 604 916 608 1057 
2193 748 758 969 974 
2194 748 969 792 974 
2195 893 965 352 1102 
2196 395 738 619 1033 
2197 568 975 674 983 
2198 580 962 761 1130 
2199 879 952 893 985 
2200 877 935 933 1119 
2201 154 198 131 1005 
2202 534 916 801 1017 
2203 223 927 1045 1125 
2204 893 960 879 965 
2205 189 953 916 1032 
2206 885 1007 907 1140 
2207 503 1013 894 1117 
2208 898 985 952 1111 
2209 901 977 523 982 
2210 748 969 758 1070 
2211 180 169 1039 1040 
2212 470 951 903 1004 
2213 179 193 194 907 
2214 520 518 982 1061 
2215 878 983 957 1043 
2216 967 968 899 1023 
2217 305 973 1072 1078 
2218 914 929 875 1059 
2219 621 594 968 989 
2220 5 671 438 1003 
2221 130 904 128 970 
2222 612 354 1091 1148 
2223 906 1099 880 1121 
2224 911 10 990 1089 
2225 805 914 855 997 
2226 304 177 963 1072 
2227 365 354 612 1148 
2228 992 1067 926 1134 
2229 795 956 637 988 
2230 879 893 965 985 
2231 122 938 120 1046 
2232 622 914 805 1152 
2233 492 930 491 1036 
2234 493 492 491 1036 
2235 531 898 747 1156 
2236 300 931 196 1014 
2237 345 398 261 1113 
2238 345 687 692 398 
2239 130 904 970 1085 
2240 356 327 921 1033 
2241 910 972 913 1014 
2242 6 5 912 997 
2243 360 962 936 1102 
2244 189 916 187 1032 
2245 345 992 687 1113 
2246 6 439 5 997 
2247 731 976 232 1144 
2248 918 1065 995 1098 
2249 937 980 914 994 
2250 614 372 776 257 
2251 282 925 112 1012 
2252 198 920 312 970 
2253 730 704 573 921 
2254 875 929 920 1059 
2255 125 298 913 972 
2256 552 909 959 1047 
2257 921 946 896 1039 
2258 1018 1020 900 1108 
2259 911 963 303 990 
2260 657 949 661 1016 
2261 345 692 856 262 
2262 321 1051 1020 1132 
2263 180 1039 935 1040 
2264 897 1005 127 1084 
2265 917 934 883 1135 
2266 855 914 980 997 
2267 860 657 661 1016 
2268 163 321 1020 1132 
2269 874 972 1084 1099 
2270 291 935 217 944 
2271 933 1015 483 1094 
2272 874 1084 1058 1099 
2273 297 910 972 1143 
2274 960 1043 1036 1107 
2275 708 272 1044 1092 
2276 797 948 925 1012 
2277 917 1021 988 1035 
2278 463 990 462 1118 
2279 496 960 498 1036 
2280 672 656 949 1036 
2281 906 880 1016 1121 
2282 895 981 197 1101 
2283 524 982 977 1060 
2284 895 197 981 1072 
2285 887 973 1072 1081 
2286 301 235 370 990 
2287 150 1001 901 1149 
2288 729 1015 896 1080 
2289 657 949 655 1155 
2290 357 993 328 1057 
2291 150 1112 901 1146 
2292 165 981 158 1030 
2293 757 905 519 1017 
2294 921 951 327 1030 
2295 986 1112 901 1149 
2296 591 1004 358 1138 
2297 894 957 885 961 
2298 300 931 1014 1153 
2299 154 155 156 958 
2300 202 177 940 963 
2301 5 439 980 997 
2302 878 928 983 1043 
2303 291 935 944 1074 
2304 122 120 938 1027 
2305 604 953 916 1057 
2306 245 1010 712 1090 
2307 1025 1072 305 1167 
2308 493 491 952 1036 
2309 328 357 260 993 
2310 674 957 502 975 
2311 282 115 112 925 
2312 363 826 610 731 
2313 738 1033 265 1087 
2314 471 903 969 1070 
2315 995 1065 934 1098 
2316 266 738 395 1033 
2317 885 894 961 1007 
2318 883 1021 917 1035 
2319 907 1007 885 1053 
2320 879 938 952 985 
2321 894 885 957 1002 
2322 747 898 1031 1156 
2323 590 358 618 591 
2324 665 485 553 1016 
2325 814 949 492 1036 
2326 915 950 543 1010 
2327 228 966 733 1120 
2328 552 540 909 1047 
2329 656 949 928 987 
2330 913 878 1014 1069 
2331 876 988 917 1021 
2332 908 1098 941 1142 
2333 969 1042 945 1160 
2334 297 299 910 1143 
2335 124 125 923 972 
2336 881 1056 908 1142 
2337 589 108 587 770 
2338 889 896 942 1164 
2339 906 1016 949 1121 
2340 894 885 1002 1007 
2341 875 914 980 994 
2342 498 1036 960 1043 
2343 165 903 981 1030 
2344 311 198 312 970 
2345 1020 1051 900 1132 
2346 216 1032 954 1063 
2347 940 1004 468 1070 
2348 506 1013 503 1117 
2349 598 925 966 1137 
2350 958 1030 889 1076 
2351 1023 1034 926 1050 
2352 318 244 319 978 
2353 147 971 141 1023 
2354 906 949 1099 1121 
2355 913 1011 910 1014 
2356 582 976 907 1044 
2357 973 981 197 1072 
2358 502 674 568 957 
2359 365 612 611 1148 
2360 486 519 726 943 
2361 128 970 904 1005 
2362 911 1072 1025 1167 
2363 202 940 201 1118 
2364 710 991 589 1052 
2365 928 1036 532 1043 
2366 901 1001 150 1146 
2367 656 672 532 1036 
2368 949 987 655 1155 
2369 365 354 829 612 
2370 885 1002 1007 1140 
2371 874 910 972 1011 
2372 228 733 966 1137 
2373 915 950 172 1068 
2374 889 1039 896 1164 
2375 466 963 940 1116 
2376 514 1061 1035 1108 
2377 899 989 887 1000 
2378 174 1068 162 1141 
2379 758 895 974 1116 
2380 361 318 689 1096 
2381 182 992 211 1113 
2382 514 984 1061 1108 
2383 889 942 896 1029 
2384 125 122 923 1027 
2385 855 5 439 980 
2386 877 942 935 1164 
2387 705 990 963 1116 
2388 466 1070 675 1116 
2389 705 911 990 1116 
2390 608 604 801 916 
2391 800 689 978 1096 
2392 236 282 925 1129 
2393 648 928 983 1083 
2394 875 980 937 994 
2395 961 1014 878 1069 
2396 523 977 901 1136 
2397 399 864 1012 1093 
2398 197 1072 895 1101 
2399 727 1057 229 1120 
2400 395 619 326 1033 
2401 776 614 257 1161 
2402 876 934 917 1098 
2403 918 1098 941 1133 
2404 899 1023 926 1134 
2405 899 967 887 989 
2406 202 963 940 1118 
2407 654 987 928 1083 
2408 693 692 687 398 
2409 550 942 933 1006 
2410 257 372 258 1091 
2411 881 968 941 1003 
2412 1058 1084 897 1099 
2413 303 238 911 990 
2414 681 926 683 1067 
2415 914 994 929 1110 
2416 124 972 923 1064 
2417 883 931 947 1020 
2418 900 979 984 1020 
2419 217 944 935 1026 
2420 958 889 1030 1160 
2421 747 1031 759 1156 
2422 523 977 524 982 
2423 660 987 919 1155 
2424 283 1022 925 1063 
2425 1109 1112 986 1127 
2426 937 980 875 1024 
2427 887 1072 911 1081 
2428 677 917 795 1035 
2429 684 369 405 243 
2430 982 1109 986 1127 
2431 216 954 286 1063 
2432 292 944 1046 1074 
2433 677 917 1035 1061 
2434 570 959 927 1047 
2435 175 192 179 924 
2436 927 986 1112 1127 
2437 292 1046 954 1074 
2438 700 12 11 1089 
2439 908 1024 980 1073 
2440 172 1068 950 1141 
2441 598 1012 925 1137 
2442 526 1108 1018 1115 
2443 189 195 953 1032 
2444 758 1070 895 1116 
2445 907 976 582 1140 
2446 902 876 919 1075 
2447 368 714 276 1090 
2448 906 1019 1016 1062 
2449 172 950 915 1010 
2450 137 971 918 1028 
2451 659 568 983 1043 
2452 905 943 886 954 
2453 798 591 618 1138 
2454 236 1129 925 1137 
2455 883 984 979 1020 
2456 462 370 763 1118 
2457 313 149 1023 1028 
2458 826 363 400 731 
2459 260 993 641 1077 
2460 968 1023 881 1133 
2461 804 998 955 1147 
2462 254 630 253 1055 
2463 540 984 909 1047 
2464 875 908 980 1056 
2465 1031 1066 759 1156 
2466 825 902 821 1131 
2467 598 966 925 1154 
2468 1064 1084 972 1099 
2469 855 980 439 997 
2470 954 1046 944 1074 
2471 664 937 818 980 
2472 700 252 12 1089 
2473 914 997 805 1152 
2474 186 993 916 1057 
2475 195 214 953 1129 
2476 897 877 944 1026 
2477 1018 1020 888 1051 
2478 927 891 986 1127 
2479 565 621 968 1034 
2480 901 1001 884 1149 
2481 905 1032 285 1063 
2482 210 962 360 1102 
2483 717 340 1045 1125 
2484 687 345 692 992 
2485 465 940 466 963 
2486 953 1017 905 1154 
2487 612 829 365 611 
2488 276 1009 714 1144 
2489 194 962 907 1044 
2490 189 187 195 1032 
2491 963 990 911 1116 
2492 884 901 977 1001 
2493 216 285 1032 1063 
2494 540 577 552 909 
2495 902 919 876 1131 
2496 940 1079 201 1118 
2497 295 913 298 1069 
2498 880 1016 933 1062 
2499 917 988 795 1035 
2500 661 663 1016 1019 
2501 198 929 154 1049 
2502 931 888 1020 1051 
2503 115 925 283 1022 
2504 552 959 909 1055 
2505 360 1102 936 1105 
2506 888 1126 1008 1150 
2507 982 1061 518 1127 
2508 895 981 973 1072 
2509 211 219 182 1113 
2510 801 916 534 1080 
2511 881 941 908 1003 
2512 717 628 340 1125 
2513 880 1016 930 1088 
2514 574 754 915 999 
2515 927 959 570 1125 
2516 880 943 1016 1088 
2517 185 346 169 1097 
2518 884 1098 918 1133 
2519 357 631 609 1057 
2520 196 931 1008 1014 
2521 926 1067 992 1113 
2522 185 946 346 1097 
2523 172 915 334 1010 
2524 926 1023 899 1034 
2525 731 976 583 1044 
2526 1018 1108 900 1115 
2527 283 1063 925 1129 
2528 923 1064 972 1099 
2529 873 722 249 996 
2530 487 1016 943 1088 
2531 1031 1041 535 1066 
2532 1036 1043 928 1107 
2533 619 1033 562 1138 
2534 220 1007 1053 1069 
2535 874 972 910 1075 
2536 355 910 299 1153 
2537 960 1036 879 1107 
2538 308 981 973 1049 
2539 165 981 903 1101 
2540 253 1055 630 1100 
2541 675 1070 758 1116 
2542 797 596 925 1066 
2543 618 591 358 1138 
2544 909 984 540 1115 
2545 295 1027 913 1069 
2546 528 506 503 1117 
2547 405 684 243 1113 
2548 754 915 999 1071 
2549 186 916 189 1057 
2550 659 983 928 1043 
2551 479 480 478 1029 
2552 928 879 1036 1107 
2553 621 1000 899 1067 
2554 883 900 1020 1108 
2555 926 683 1067 1113 
2556 902 876 988 1131 
2557 921 951 527 1033 
2558 752 1045 964 1109 
2559 895 969 882 981 
2560 677 1035 514 1061 
2561 553 663 665 1016 
2562 879 949 928 1036 
2563 543 915 725 1013 
2564 503 504 502 957 
2565 935 896 1039 1164 
2566 967 881 1023 1028 
2567 920 875 970 1005 
2568 895 882 973 981 
2569 325 951 327 1033 
2570 128 904 130 1143 
2571 369 696 684 405 
2572 876 918 995 1098 
2573 163 321 143 1020 
2574 885 907 1124 1140 
2575 147 141 148 1023 
2576 141 313 149 1023 
2577 438 989 912 1003 
2578 994 1006 914 1019 
2579 812 955 804 998 
2580 900 984 883 1020 
2581 988 1035 902 1131 
2582 657 658 661 906 
2583 535 1041 1031 1088 
2584 825 902 647 983 
2585 12 462 11 990 
2586 931 1014 910 1150 
2587 935 1039 896 1040 
2588 395 326 266 1033 
2589 1015 1017 742 1094 
2590 885 1069 961 1107 
2591 905 954 886 1032 
2592 706 466 675 1116 
2593 543 574 915 1010 
2594 404 851 628 717 
2595 896 889 1029 1039 
2596 628 340 404 717 
2597 719 964 752 1045 
2598 937 919 1058 1155 
2599 967 1023 149 1028 
2600 574 754 725 915 
2601 128 130 129 1143 
2602 927 570 1045 1125 
2603 570 541 959 1047 
2604 547 1095 1034 1114 
2605 474 921 1029 1042 
2606 887 974 973 1081 
2607 302 12 301 462 
2608 125 122 124 923 
2609 1022 1063 116 1111 
2610 358 590 401 1079 
2611 648 654 928 1083 
2612 933 942 877 1006 
2613 615 932 613 998 
2614 878 1011 913 1014 
2615 498 532 1036 1043 
2616 882 969 895 974 
2617 975 1126 888 1150 
2618 934 995 134 1065 
2619 752 927 1045 1109 
2620 900 1020 1018 1051 
2621 797 769 596 1066 
2622 898 1066 1031 1156 
2623 534 742 1015 1017 
2624 172 334 204 1010 
2625 587 770 108 1093 
2626 719 752 572 1045 
2627 632 592 775 1003 
2628 909 979 891 984 
2629 705 446 963 990 
2630 995 1065 918 1085 
2631 899 1034 621 1067 
2632 927 1112 1109 1127 
2633 496 498 532 1036 
2634 884 918 971 1133 
2635 850 279 712 1090 
2636 874 910 1011 1075 
2637 662 1019 906 1155 
2638 279 246 652 712 
2639 570 927 699 1047 
2640 911 1025 1000 1167 
2641 356 325 327 1033 
2642 906 874 987 1155 
2643 738 584 1033 1087 
2644 438 912 989 1103 
2645 115 283 925 1129 
2646 877 897 944 1062 
2647 540 515 984 1047 
2648 731 232 400 1144 
2649 346 921 168 1039 
2650 866 667 818 980 
2651 582 962 580 1044 
2652 884 977 971 1001 
2653 641 260 609 993 
2654 531 1054 898 1156 
2655 304 177 202 963 
2656 886 1015 916 1040 
2657 245 712 279 1090 
2658 876 995 918 1085 
2659 547 1034 555 1114 
2660 980 1024 937 1073 
2661 118 938 121 985 
2662 937 1019 428 1155 
2663 194 907 962 1102 
2664 237 295 298 1069 
2665 821 902 1035 1131 
2666 909 984 891 1047 
2667 943 1041 726 1088 
2668 877 944 935 1119 
2669 116 1111 1063 1162 
2670 725 915 754 1071 
2671 919 987 660 1083 
2672 900 984 979 1132 
2673 758 974 443 1116 
2674 127 1064 897 1084 
2675 680 621 1034 1067 
2676 636 724 941 1060 
2677 630 1055 254 1159 
2678 886 935 1015 1040 
2679 236 284 282 1129 
2680 180 935 1039 1076 
2681 895 973 882 974 
2682 395 844 619 738 
2683 1000 1025 911 1081 
2684 519 943 486 1094 
2685 650 671 4 980 
2686 491 952 930 1031 
2687 896 1015 935 1040 
2688 683 681 682 926 
2689 138 979 934 1104 
2690 897 1084 1064 1099 
2691 934 979 138 1038 
2692 746 613 615 932 
2693 794 956 917 1060 
2694 656 655 949 987 
2695 557 962 936 1092 
2696 965 985 296 1027 
2697 824 851 404 717 
2698 216 954 1032 1074 
2699 747 531 494 1054 
2700 216 287 954 1074 
2701 965 1053 352 1102 
2702 622 945 569 1006 
2703 941 956 636 1060 
2704 906 1058 874 1155 
2705 924 976 819 1009 
2706 878 983 928 1011 
2707 272 363 610 1044 
2708 312 1028 920 1078 
2709 284 925 282 1129 
2710 625 582 976 1140 
2711 664 818 667 980 
2712 523 901 982 1109 
2713 699 1047 927 1127 
2714 358 618 401 590 
2715 179 178 1007 1053 
2716 892 1034 1023 1050 
2717 757 905 1017 1154 
2718 296 985 288 1027 
2719 821 1035 988 1131 
2720 656 928 654 987 
2721 904 1075 995 1143 
2722 298 297 355 1014 
2723 312 239 1028 1078 
2724 712 246 652 1148 
2725 718 1045 824 1158 
2726 531 747 759 1156 
2727 904 876 995 1075 
2728 275 824 717 1045 
2729 636 956 941 1157 
2730 896 942 935 1015 
2731 658 906 657 1155 
2732 1018 1115 900 1147 
2733 683 926 682 1048 
2734 883 979 984 1061 
2735 552 909 577 1055 
2736 192 976 924 1009 
2737 900 883 984 1108 
2738 916 1015 886 1017 
2739 904 1005 875 1058 
2740 916 1015 896 1040 
2741 608 916 993 1057 
2742 708 272 610 1044 
2743 916 953 189 1057 
2744 308 197 973 981 
2745 880 1062 1064 1099 
2746 145 146 144 1008 
2747 142 979 163 1020 
2748 633 636 724 941 
2749 547 555 1095 1114 
2750 610 731 583 1044 
2751 137 918 333 1028 
2752 355 1014 910 1153 
2753 504 502 957 975 
2754 904 1085 130 1143 
2755 217 935 344 1026 
2756 715 1009 546 1117 
2757 559 948 587 991 
2758 201 202 177 940 
2759 474 921 704 1029 
2760 148 1023 315 1050 
2761 886 943 905 1017 
2762 608 916 813 1080 
2763 369 243 684 1048 
2764 714 368 713 1090 
2765 878 975 957 983 
2766 361 689 695 1096 
2767 470 472 471 903 
2768 546 1009 950 1117 
2769 113 948 991 1093 
2770 874 987 919 1011 
2771 608 993 916 1080 
2772 878 910 1014 1150 
2773 594 989 621 1000 
2774 279 850 368 1090 
2775 121 985 938 1027 
2776 399 1012 111 1093 
2777 875 897 994 1058 
2778 984 1047 515 1061 
2779 275 824 1045 1158 
2780 885 907 1037 1124 
2781 876 995 934 1098 
2782 673 724 977 1114 
2783 888 1008 931 1150 
2784 163 1020 979 1132 
2785 404 275 824 717 
2786 964 1045 927 1109 
2787 482 1015 742 1094 
2788 585 946 573 1087 
2789 935 942 896 1164 
2790 876 902 1021 1075 
2791 884 941 1098 1133 
2792 526 1115 1018 1147 
2793 940 963 465 1118 
2794 407 620 842 253 
2795 582 774 761 907 
2796 269 873 249 1096 
2797 879 928 949 1086 
2798 911 1000 939 1167 
2799 705 911 10 990 
2800 203 950 172 1010 
2801 113 991 110 1093 
2802 556 936 544 991 
2803 1042 1128 945 1160 
2804 368 276 336 1090 
2805 650 980 4 1073 
2806 819 625 976 1140 
2807 179 194 349 907 
2808 321 143 1020 1051 
2809 327 951 188 1030 
2810 842 253 620 1100 
2811 876 904 995 1085 
2812 12 252 302 301 
2813 747 759 1031 1066 
2814 121 938 120 1027 
2815 819 976 924 1140 
2816 240 305 306 1025 
2817 564 969 945 1152 
2818 557 936 1052 1092 
2819 524 521 982 1060 
2820 754 999 932 1071 
2821 220 1053 221 1069 
2822 332 961 1008 1068 
2823 911 990 238 1167 
2824 264 265 1033 1087 
2825 337 727 229 1120 
2826 443 974 1081 1116 
2827 850 713 368 1090 
2828 683 926 1048 1113 
2829 628 341 340 1125 
2830 633 636 941 1157 
2831 125 295 122 1027 
2832 122 121 120 1027 
2833 405 740 684 1113 
2834 843 1000 621 1067 
2835 792 974 969 1152 
2836 966 925 1129 1137 
2837 353 932 320 998 
2838 715 549 1009 1117 
2839 613 932 754 999 
2840 632 941 1003 1157 
2841 124 972 1064 1084 
2842 715 546 549 1117 
2843 288 965 352 985 
2844 332 1008 961 1014 
2845 589 108 402 280 
2846 904 875 970 1024 
2847 676 942 550 1006 
2848 332 196 1008 1014 
2849 887 899 1000 1025 
2850 585 730 573 946 
2851 864 808 1012 1093 
2852 897 875 1005 1058 
2853 587 991 948 1093 
2854 793 768 996 1136 
2855 890 943 905 1063 
2856 288 985 352 1105 
2857 210 360 215 1102 
2858 319 688 685 1048 
2859 404 341 340 628 
2860 608 813 993 1080 
2861 905 943 890 1041 
2862 306 1025 305 1167 
2863 929 1059 914 1110 
2864 837 568 674 983 
2865 3 4 980 1073 
2866 881 918 1056 1142 
2867 260 641 421 1077 
2868 222 927 200 1082 
2869 673 724 524 977 
2870 446 463 963 990 
2871 194 349 907 1102 
2872 856 262 700 1089 
2873 624 914 622 1006 
2874 979 984 909 1132 
2875 932 998 353 1091 
2876 215 1102 360 1105 
2877 875 980 912 1056 
2878 971 977 892 1001 
2879 645 825 821 1131 
2880 344 217 291 935 
2881 266 265 738 1033 
2882 560 543 950 1010 
2883 335 192 924 1009 
2884 731 400 836 1144 
2885 915 999 334 1010 
2886 761 907 774 1037 
2887 544 991 936 1156 
2888 223 224 200 1125 
2889 481 933 550 942 
2890 115 284 283 1129 
2891 899 887 967 1025 
2892 932 998 615 1147 
2893 526 513 1108 1115 
2894 214 966 953 1129 
2895 898 1031 890 1111 
2896 317 316 922 1050 
2897 438 6 912 1103 
2898 177 1072 197 1101 
2899 984 1108 513 1115 
2900 342 272 708 1092 
2901 608 801 813 916 
2902 878 910 1011 1014 
2903 901 884 986 1149 
2904 922 1001 317 1050 
2905 876 1123 988 1131 
2906 462 763 463 1118 
2907 919 1011 987 1083 
2908 326 809 417 1138 
2909 319 244 369 1048 
2910 356 327 168 921 
2911 896 1015 916 1080 
2912 300 1014 355 1153 
2913 878 1014 931 1150 
2914 3 980 937 1073 
2915 183 909 184 1055 
2916 543 574 725 915 
2917 737 540 984 1115 
2918 349 179 907 1053 
2919 283 116 1022 1063 
2920 154 929 153 1026 
2921 275 404 340 717 
2922 874 949 987 1086 
2923 880 1062 944 1064 
2924 941 977 884 1060 
2925 971 977 884 1133 
2926 958 882 981 1049 
2927 289 288 352 1105 
2928 760 523 1109 1136 
2929 971 884 1001 1149 
2930 228 267 733 1137 
2931 924 907 1007 1140 
2932 917 1061 982 1135 
2933 199 241 222 1082 
2934 335 192 175 924 
2935 887 911 1025 1081 
2936 740 684 696 405 
2937 908 956 941 1098 
2938 363 272 610 343 
2939 351 1112 150 1146 
2940 144 1020 143 1051 
2941 119 116 1063 1162 
2942 892 968 1023 1034 
2943 895 1070 940 1116 
2944 639 946 993 1080 
2945 904 970 875 1005 
2946 746 932 615 1147 
2947 317 170 316 1050 
2948 967 989 881 1122 
2949 254 630 407 253 
2950 895 1081 974 1116 
2951 855 805 667 914 
2952 892 977 971 1133 
2953 939 992 690 1089 
2954 819 1009 976 1144 
2955 520 982 521 1060 
2956 342 230 272 1092 
2957 749 399 864 1012 
2958 351 348 150 1112 
2959 249 996 722 1158 
2960 527 704 474 921 
2961 919 1123 876 1131 
2962 542 544 936 1054 
2963 903 1004 940 1070 
2964 639 827 946 1080 
2965 438 989 701 1103 
2966 535 1031 490 1088 
2967 130 128 311 970 
2968 716 951 470 1004 
2969 184 183 164 909 
2970 109 864 399 1093 
2971 927 959 200 1082 
2972 965 1027 296 1069 
2973 281 360 359 936 
2974 613 998 932 1091 
2975 128 311 970 1005 
2976 936 1054 544 1156 
2977 684 1048 243 1113 
2978 168 921 327 1030 
2979 515 1047 517 1061 
2980 982 986 891 1127 
2981 685 800 689 978 
2982 1000 1025 939 1167 
2983 874 949 1086 1099 
2984 296 965 288 985 
2985 667 855 914 980 
2986 878 1008 931 1014 
2987 901 1109 523 1136 
2988 957 894 1013 1126 
2989 963 990 463 1118 
2990 951 1030 921 1042 
2991 910 1021 902 1075 
2992 669 796 274 1052 
2993 840 610 708 272 
2994 118 938 985 1111 
2995 874 1058 906 1099 
2996 941 956 908 1157 
2997 234 201 1079 1118 
2998 929 994 877 1110 
2999 121 288 985 1027 
3000 144 143 145 1051 
3001 156 958 158 981 
3002 647 902 825 1131 
3003 710 558 589 991 
3004 134 995 934 1038 
3005 471 470 903 1070 
3006 648 928 659 983 
3007 794 917 520 1060 
3008 488 726 1041 1088 
3009 939 1000 843 1067 
3010 292 291 217 944 
3011 891 984 979 1061 
3012 717 340 275 1045 
3013 885 1124 1002 1140 
3014 10 705 9 911 
3015 824 718 717 1045 
3016 268 228 733 1120 
3017 760 536 523 1136 
3018 314 978 926 1048 
3019 573 921 527 1033 
3020 326 395 809 619 
3021 501 503 957 1002 
3022 115 925 284 1129 
3023 354 373 829 612 
3024 910 1014 931 1153 
3025 354 373 365 829 
3026 689 361 319 318 
3027 9 911 705 1116 
3028 122 923 1046 1064 
3029 184 959 909 1082 
3030 885 1037 907 1053 
3031 482 483 1015 1094 
3032 567 708 1044 1092 
3033 876 934 995 1021 
3034 880 1064 923 1099 
3035 955 1115 804 1147 
3036 481 482 483 1015 
3037 117 1111 898 1163 
3038 570 699 541 1047 
3039 204 203 172 1010 
3040 639 993 946 1077 
3041 819 549 924 1009 
3042 291 944 292 1074 
3043 5 438 6 912 
3044 884 977 901 982 
3045 639 827 845 946 
3046 899 1023 968 1034 
3047 186 187 189 916 
3048 276 714 830 1144 
3049 659 568 868 983 
3050 898 890 1022 1111 
3051 464 705 446 963 
3052 917 883 1035 1061 
3053 117 1105 898 1111 
3054 368 765 276 714 
3055 300 196 355 1014 
3056 196 332 331 1014 
3057 957 1013 975 1126 
3058 272 840 610 343 
3059 332 961 331 1014 
3060 996 1136 901 1146 
3061 775 989 438 1003 
3062 220 1007 178 1053 
3063 639 946 845 1077 
3064 161 1068 146 1165 
3065 877 994 897 1062 
3066 555 1034 968 1114 
3067 940 465 1079 1118 
3068 283 119 116 1063 
3069 307 973 305 1078 
3070 918 970 333 1028 
3071 891 1047 984 1061 
3072 942 1015 896 1029 
3073 940 1004 201 1079 
3074 500 957 568 1043 
3075 170 147 148 1050 
3076 650 908 828 1157 
3077 947 975 508 1145 
3078 954 1032 905 1063 
3079 212 993 946 1097 
3080 549 924 1009 1117 
3081 909 959 184 1055 
3082 847 423 341 1125 
3083 161 146 145 1165 
3084 901 986 982 1109 
3085 169 1040 181 1097 
3086 121 296 288 1027 
3087 326 325 1033 1138 
3088 346 356 168 921 
3089 562 1033 951 1138 
3090 678 825 529 947 
3091 898 1105 117 1163 
3092 314 926 219 1048 
3093 737 540 515 984 
3094 664 914 624 1006 
3095 170 317 1001 1050 
3096 133 918 1065 1085 
3097 490 1031 535 1066 
3098 874 904 972 1075 
3099 565 621 594 968 
3100 292 294 954 1046 
3101 128 1005 904 1084 
3102 898 1031 952 1054 
3103 173 1068 172 1141 
3104 598 925 597 1154 
3105 901 986 1109 1112 
3106 710 796 669 1052 
3107 176 1004 940 1101 
3108 520 917 677 1061 
3109 236 966 1129 1137 
3110 573 1033 584 1087 
3111 153 131 127 1005 
3112 521 523 524 982 
3113 190 992 939 1089 
3114 794 677 520 917 
3115 582 580 581 1044 
3116 165 327 188 1030 
3117 223 1045 927 1112 
3118 913 1011 928 1086 
3119 164 909 183 1132 
3120 464 963 466 1116 
3121 679 930 1016 1088 
3122 373 612 354 1091 
3123 907 774 1037 1140 
3124 936 962 557 1130 
3125 467 469 940 1079 
3126 719 752 964 1109 
3127 9 1081 911 1116 
3128 970 1024 875 1056 
3129 677 545 514 1035 
3130 252 700 12 411 
3131 598 596 597 925 
3132 884 982 901 986 
3133 519 484 1017 1094 
3134 876 904 1085 1142 
3135 314 926 978 1050 
3136 913 874 1011 1086 
3137 610 826 363 343 
3138 225 1045 223 1112 
3139 550 1006 933 1019 
3140 880 938 930 1121 
3141 890 905 1041 1063 
3142 235 990 963 1118 
3143 469 468 940 1004 
3144 883 947 931 1150 
3145 169 180 181 1040 
3146 951 1033 325 1138 
3147 574 999 915 1010 
3148 191 190 939 1089 
3149 234 202 201 1118 
3150 977 982 884 1060 
3151 312 970 920 1028 
3152 250 922 316 1096 
3153 672 949 814 1036 
3154 469 468 467 940 
3155 901 964 996 1146 
3156 201 1004 323 1079 
3157 395 266 265 738 
3158 613 932 999 1091 
3159 914 1110 882 1152 
3160 526 511 1018 1108 
3161 657 656 655 949 
3162 679 489 930 1088 
3163 122 124 923 1064 
3164 813 916 801 1080 
3165 649 660 987 1083 
3166 469 470 468 1004 
3167 898 1022 890 1031 
3168 890 1063 1022 1111 
3169 681 1034 926 1067 
3170 998 1106 955 1147 
3171 913 1014 298 1069 
3172 648 659 868 983 
3173 545 677 795 1035 
3174 548 926 681 1034 
3175 743 801 604 1017 
3176 184 909 164 1082 
3177 645 647 825 1131 
3178 943 954 905 1063 
3179 196 931 144 1008 
3180 690 939 691 992 
3181 219 1048 926 1113 
3182 930 938 879 1121 
3183 1008 1126 878 1150 
3184 133 918 137 1065 
3185 134 135 995 1038 
3186 800 695 689 1096 
3187 595 490 535 1066 
3188 758 703 443 974 
3189 395 417 326 809 
3190 220 961 1007 1069 
3191 465 467 940 1079 
3192 491 1031 930 1088 
3193 108 770 109 1093 
3194 469 1004 940 1079 
3195 192 976 1009 1144 
3196 847 347 423 1125 
3197 303 963 235 990 
3198 260 735 641 609 
3199 308 156 158 981 
3200 922 978 551 1166 
3201 368 245 279 1090 
3202 686 992 1067 1113 
3203 942 1006 676 1128 
3204 894 950 915 1068 
3205 714 368 765 713 
3206 918 971 137 1065 
3207 493 952 495 1036 
3208 679 1016 487 1088 
3209 768 964 720 996 
3210 755 804 955 1115 
3211 183 207 955 1055 
3212 401 590 820 1079 
3213 217 293 944 1026 
3214 315 182 926 1134 
3215 833 700 856 262 
3216 567 708 581 1044 
3217 309 312 920 1078 
3218 465 466 464 963 
3219 567 1044 962 1092 
3220 774 907 582 1140 
3221 613 746 754 932 
3222 196 300 144 931 
3223 914 882 997 1152 
3224 240 307 305 1078 
3225 540 577 909 1115 
3226 876 956 917 988 
3227 888 931 947 1150 
3228 349 1053 907 1102 
3229 950 1009 546 1090 
3230 180 1039 160 1076 
3231 209 962 1044 1092 
3232 200 222 223 927 
3233 6 997 912 1103 
3234 133 333 137 918 
3235 307 308 973 1049 
3236 149 967 152 1023 
3237 881 989 968 1003 
3238 187 1040 916 1097 
3239 897 1005 904 1058 
3240 212 946 185 1097 
3241 281 1105 936 1163 
3242 582 583 976 1044 
3243 702 974 792 997 
3244 619 562 756 1138 
3245 301 370 302 462 
3246 314 315 926 1050 
3247 564 697 969 1152 
3248 650 828 634 1157 
3249 680 1034 681 1067 
3250 883 931 1021 1150 
3251 793 996 922 1136 
3252 597 925 596 1041 
3253 288 296 352 965 
3254 524 707 521 1060 
3255 371 1079 744 1118 
3256 333 970 918 1085 
3257 797 925 598 1012 
3258 828 908 1123 1157 
3259 491 930 489 1088 
3260 792 997 974 1152 
3261 425 776 372 257 
3262 902 1021 947 1035 
3263 183 909 1055 1132 
3264 216 287 286 954 
3265 288 118 121 985 
3266 558 587 589 991 
3267 1024 1056 970 1142 
3268 216 286 285 1063 
3269 973 981 882 1049 
3270 940 963 895 1116 
3271 173 162 172 1068 
3272 875 1024 904 1058 
3273 534 801 742 1017 
3274 1034 1095 892 1114 
3275 888 947 975 1150 
3276 438 701 6 1103 
3277 602 953 966 1154 
3278 592 594 775 989 
3279 198 309 920 1049 
3280 314 315 219 926 
3281 170 1001 147 1050 
3282 144 931 139 1020 
3283 250 996 922 1096 
3284 597 925 1041 1154 
3285 175 335 924 1141 
3286 138 134 934 1038 
3287 914 945 1110 1152 
3288 947 1021 902 1150 
3289 979 1020 900 1132 
3290 517 518 1061 1127 
3291 467 466 465 940 
3292 885 1053 1007 1069 
3293 508 947 529 975 
3294 220 178 221 1053 
3295 873 723 722 996 
3296 588 948 797 1012 
3297 690 992 856 1089 
3298 850 279 652 712 
3299 977 1095 1001 1136 
3300 622 624 805 914 
3301 179 178 175 1007 
3302 793 551 922 1096 
3303 191 190 167 939 
3304 676 550 848 1006 
3305 183 1055 955 1132 
3306 527 951 562 1033 
3307 952 495 1036 1139 
3308 941 968 881 1133 
3309 546 950 543 1117 
3310 557 936 556 1052 
3311 887 989 967 1122 
3312 677 794 795 917 
3313 328 993 186 1057 
3314 556 542 544 936 
3315 981 1030 903 1160 
3316 866 3 4 980 
3317 529 825 647 983 
3318 156 308 310 1049 
3319 546 1009 715 1090 
3320 952 985 898 1054 
3321 567 581 962 1044 
3322 922 551 1095 1166 
3323 228 268 733 267 
3324 686 1067 683 1113 
3325 595 1031 490 1066 
3326 1063 1111 890 1162 
3327 1 919 937 1155 
3328 225 964 1045 1112 
3329 372 614 668 1091 
3330 908 1003 941 1157 
3331 943 1017 886 1094 
3332 292 1046 944 1064 
3333 413 1077 616 1087 
3334 252 262 700 411 
3335 897 904 1005 1084 
3336 543 725 506 1013 
3337 876 917 956 1098 
3338 898 1054 985 1105 
3339 122 1046 123 1064 
3340 793 922 996 1096 
3341 151 149 152 1023 
3342 880 906 1016 1062 
3343 316 978 922 1050 
3344 262 252 700 1089 
3345 151 315 148 1023 
3346 906 987 949 1155 
3347 932 999 353 1165 
3348 598 797 596 925 
3349 316 922 250 1146 
3350 292 954 287 1074 
3351 338 337 727 229 
3352 266 264 265 1033 
3353 685 689 688 319 
3354 893 985 952 1054 
3355 902 1011 910 1075 
3356 890 1041 1031 1066 
3357 592 968 594 989 
3358 501 1002 957 1124 
3359 173 162 1068 1141 
3360 538 547 555 1095 
3361 805 855 439 997 
3362 967 1028 239 1078 
3363 360 936 281 1105 
3364 900 1115 984 1132 
3365 250 922 996 1146 
3366 984 1115 909 1132 
3367 164 909 979 1082 
3368 946 993 212 1077 
3369 690 692 856 992 
3370 746 754 932 1071 
3371 897 1064 1062 1099 
3372 727 861 338 631 
3373 1 937 919 1073 
3374 893 985 1054 1105 
3375 546 560 543 950 
3376 995 1085 904 1143 
3377 344 1026 935 1076 
3378 517 1061 1047 1127 
3379 548 681 680 1034 
3380 564 623 697 1152 
3381 333 918 133 1085 
3382 138 979 142 1038 
3383 900 1108 984 1115 
3384 205 953 214 966 
3385 190 167 939 1134 
3386 571 1045 570 1125 
3387 939 1089 911 1167 
3388 553 485 487 1016 
3389 877 933 1006 1019 
3390 634 841 671 1003 
3391 742 519 484 1017 
3392 292 294 287 954 
3393 1001 1095 922 1136 
3394 874 928 987 1011 
3395 883 1021 947 1150 
3396 902 988 876 1021 
3397 925 1022 890 1063 
3398 132 133 134 995 
3399 269 695 873 1096 
3400 678 821 825 1035 
3401 941 884 977 1133 
3402 446 462 463 990 
3403 210 962 209 1092 
3404 428 937 664 1019 
3405 208 262 345 1089 
3406 166 197 981 1101 
3407 520 518 521 982 
3408 876 1085 918 1142 
3409 618 820 401 590 
3410 843 621 709 1067 
3411 443 974 703 1081 
3412 892 1001 977 1095 
3413 159 1039 1030 1076 
3414 555 538 1095 1114 
3415 559 587 948 1093 
3416 679 487 489 1088 
3417 399 749 278 1012 
3418 1022 1031 898 1066 
3419 182 219 315 926 
3420 485 486 487 943 
3421 309 239 312 1078 
3422 265 739 738 1087 
3423 883 947 1021 1035 
3424 892 1023 968 1133 
3425 910 995 876 1075 
3426 319 369 688 1048 
3427 893 1053 965 1102 
3428 691 939 690 1089 
3429 1031 1041 890 1088 
3430 812 804 615 998 
3431 647 983 902 1083 
3432 651 989 594 1000 
3433 501 957 500 1124 
3434 346 168 169 1039 
3435 1051 1071 1018 1147 
3436 935 944 877 1026 
3437 117 1022 1111 1163 
3438 299 910 1143 1153 
3439 907 1037 1124 1140 
3440 421 260 735 641 
3441 799 843 939 1000 
3442 877 933 1062 1119 
3443 484 742 1017 1094 
3444 909 577 1055 1115 
3445 910 1075 972 1143 
3446 132 133 995 1085 
3447 880 938 1046 1162 
3448 643 988 637 1123 
3449 328 186 189 1057 
3450 793 536 768 1136 
3451 908 1123 956 1142 
3452 620 253 630 1100 
3453 880 1046 923 1064 
3454 183 206 207 1055 
3455 554 570 959 1125 
3456 945 1128 1006 1164 
3457 651 1000 1081 1103 
3458 887 1025 1000 1081 
3459 813 801 534 1080 
3460 126 972 1084 1143 
3461 495 493 494 952 
3462 186 187 916 1097 
3463 187 1032 916 1040 
3464 890 1031 1022 1066 
3465 519 486 484 1094 
3466 955 1055 577 1115 
3467 902 919 1011 1075 
3468 285 905 1063 1129 
3469 886 1017 1015 1094 
3470 364 274 669 796 
3471 707 520 521 1060 
3472 569 676 1006 1128 
3473 335 1009 924 1141 
3474 672 656 814 949 
3475 647 1083 902 1131 
3476 879 952 930 1036 
3477 651 989 1000 1103 
3478 131 198 311 1005 
3479 172 334 915 1165 
3480 317 922 316 1146 
3481 309 312 198 920 
3482 164 979 909 1132 
3483 722 249 269 873 
3484 204 334 999 1010 
3485 360 359 936 1052 
3486 623 969 697 1152 
3487 844 809 395 619 
3488 680 709 621 1067 
3489 979 1020 142 1038 
3490 720 996 964 1158 
3491 972 1075 904 1143 
3492 876 956 1123 1142 
3493 573 704 527 921 
3494 875 920 970 1056 
3495 1037 1053 893 1102 
3496 739 584 738 1087 
3497 584 573 563 1033 
3498 140 137 971 1065 
3499 218 238 990 1167 
3500 719 768 760 964 
3501 292 123 1046 1064 
3502 881 918 1028 1056 
3503 580 962 581 1044 
3504 487 943 486 1088 
3505 586 342 708 1092 
3506 886 1015 933 1094 
3507 119 1111 116 1162 
3508 876 995 910 1021 
3509 844 395 869 738 
3510 209 962 194 1044 
3511 510 947 508 1145 
3512 958 1110 1026 1164 
3513 930 1036 949 1121 
3514 904 897 1058 1084 
3515 877 1062 944 1119 
3516 904 1024 970 1142 
3517 908 881 1003 1056 
3518 401 820 371 1079 
3519 672 814 492 1036 
3520 214 195 285 1129 
3521 307 310 308 1049 
3522 464 466 706 1116 
3523 949 1036 879 1121 
3524 460 12 700 411 
3525 165 158 159 1030 
3526 223 927 222 1112 
3527 661 663 553 1016 
3528 551 978 922 1096 
3529 874 1011 919 1075 
3530 556 936 991 1052 
3531 1006 1110 945 1164 
3532 446 463 464 963 
3533 233 1009 276 1144 
3534 152 1025 967 1078 
3535 915 1068 172 1165 
3536 660 919 1 1155 
3537 883 979 934 1038 
3538 804 615 998 1147 
3539 716 473 470 951 
3540 517 518 516 1061 
3541 588 769 797 948 
3542 798 809 756 1138 
3543 195 216 285 1032 
3544 1026 1110 877 1164 
3545 396 249 722 1158 
3546 717 1045 571 1125 
3547 932 353 999 1091 
3548 958 1026 155 1076 
3549 876 1024 904 1142 
3550 875 980 914 1059 
3551 335 203 950 1141 
3552 1006 1128 942 1164 
3553 917 1098 934 1135 
3554 876 1021 910 1075 
3555 980 997 914 1059 
3556 366 253 842 1100 
3557 828 908 650 1073 
3558 620 630 578 1100 
3559 217 153 293 1026 
3560 124 126 972 1084 
3561 554 570 541 959 
3562 551 537 793 922 
3563 152 240 1025 1078 
3564 880 906 1062 1099 
3565 630 620 842 407 
3566 950 1068 894 1141 
3567 935 1039 1076 1164 
3568 833 856 692 262 
3569 987 1011 928 1083 
3570 890 1041 925 1063 
3571 335 950 203 1009 
3572 911 1089 990 1167 
3573 126 1084 129 1143 
3574 320 353 171 932 
3575 262 345 692 398 
3576 995 1075 910 1143 
3577 896 1029 921 1039 
3578 828 908 1073 1123 
3579 904 1024 876 1075 
3580 659 648 654 928 
3581 931 1008 878 1150 
3582 877 1110 1006 1164 
3583 932 1071 1051 1147 
3584 635 1123 956 1157 
3585 165 166 981 1101 
3586 882 1110 945 1152 
3587 955 998 256 1106 
3588 562 527 473 951 
3589 914 994 877 1006 
3590 891 979 909 1082 
3591 138 135 134 1038 
3592 886 1017 905 1032 
3593 546 560 950 1090 
3594 957 1043 500 1124 
3595 460 700 833 411 
3596 144 300 139 931 
3597 874 919 1058 1075 
3598 940 1004 903 1101 
3599 413 259 815 1077 
3600 570 752 699 927 
3601 205 953 966 1120 
3602 656 654 655 987 
3603 298 1014 331 1069 
3604 180 1040 935 1074 
3605 662 428 1019 1155 
3606 905 953 966 1129 
3607 258 353 320 998 
3608 819 924 803 1140 
3609 905 966 953 1154 
3610 483 550 481 933 
3611 966 905 1129 1154 
3612 493 491 494 952 
3613 400 271 836 1144 
3614 171 932 353 1165 
3615 241 1082 199 1104 
3616 113 280 110 991 
3617 808 749 864 1012 
3618 695 269 873 807 
3619 850 712 713 1090 
3620 889 1128 1042 1160 
3621 875 994 937 1058 
3622 552 959 541 1047 
3623 686 681 683 1067 
3624 593 632 633 941 
3625 291 180 935 1074 
3626 191 208 190 1089 
3627 975 983 878 1150 
3628 828 1123 635 1157 
3629 717 571 628 1125 
3630 903 1030 951 1042 
3631 9 443 1081 1116 
3632 335 950 1009 1141 
3633 367 326 417 1138 
3634 983 928 1011 1083 
3635 758 706 675 1116 
3636 112 1012 948 1093 
3637 854 733 629 1120 
3638 373 668 612 1091 
3639 258 353 998 1091 
3640 602 966 953 1120 
3641 555 565 968 1034 
3642 661 906 662 1019 
3643 491 494 952 1031 
3644 923 972 874 1099 
3645 982 1060 917 1135 
3646 139 931 300 1153 
3647 891 1061 982 1127 
3648 820 744 371 1079 
3649 632 633 941 1157 
3650 528 546 543 1117 
3651 497 498 960 1124 
3652 559 948 991 1156 
3653 904 874 1058 1075 
3654 489 491 492 930 
3655 988 1021 902 1035 
3656 854 268 733 1120 
3657 637 988 956 1123 
3658 944 1062 897 1064 
3659 874 913 972 1086 
3660 345 992 208 1089 
3661 584 563 738 1033 
3662 598 966 600 1137 
3663 495 960 496 1036 
3664 705 963 464 1116 
3665 112 114 948 1022 
3666 614 372 668 776 
3667 957 961 894 1126 
3668 656 532 654 928 
3669 968 1034 892 1114 
3670 139 1020 931 1038 
3671 907 1053 1037 1102 
3672 625 582 583 976 
3673 317 316 250 1146 
3674 675 748 758 1070 
3675 699 927 752 1127 
3676 335 173 203 1141 
3677 630 1055 578 1100 
3678 164 163 979 1132 
3679 839 727 337 1120 
3680 339 934 134 1065 
3681 639 993 813 1080 
3682 138 330 979 1104 
3683 725 1013 915 1071 
3684 164 163 142 979 
3685 412 396 721 1158 
3686 923 972 913 1086 
3687 882 958 929 1049 
3688 919 902 1011 1083 
3689 316 922 978 1096 
3690 503 1002 741 1117 
3691 307 308 197 973 
3692 647 837 529 983 
3693 875 912 980 1059 
3694 180 344 935 1076 
3695 273 669 274 1052 
3696 1003 1056 881 1122 
3697 139 1038 931 1153 
3698 722 996 720 1158 
3699 557 1052 566 1092 
3700 302 370 461 462 
3701 898 1111 1022 1163 
3702 908 875 1024 1056 
3703 347 762 847 423 
3704 543 560 574 1010 
3705 794 636 956 1060 
3706 183 184 206 1055 
3707 819 715 549 1009 
3708 154 156 310 1049 
3709 874 972 923 1086 
3710 359 991 936 1052 
3711 681 548 682 926 
3712 938 985 879 1027 
3713 569 1006 945 1128 
3714 982 1061 891 1135 
3715 438 775 701 989 
3716 912 1056 1003 1122 
3717 256 998 955 1161 
3718 669 1052 273 1092 
3719 164 979 330 1082 
3720 481 550 676 942 
3721 919 1083 660 1131 
3722 658 657 655 1155 
3723 181 1040 187 1097 
3724 322 955 256 1106 
3725 520 516 518 1061 
3726 109 399 111 1093 
3727 815 421 641 1077 
3728 932 999 915 1071 
3729 158 165 166 981 
3730 939 992 190 1134 
3731 526 513 511 1108 
3732 209 210 194 962 
3733 762 847 627 1159 
3734 895 969 981 1070 
3735 910 1011 902 1150 
3736 880 944 1046 1064 
3737 329 184 959 1055 
3738 216 1032 290 1074 
3739 812 755 804 955 
3740 537 922 551 1095 
3741 137 333 313 1028 
3742 929 1049 920 1059 
3743 446 705 10 990 
3744 476 1042 1029 1128 
3745 354 999 1091 1148 
3746 269 361 695 1096 
3747 803 1117 1002 1140 
3748 885 1007 961 1069 
3749 152 967 239 1078 
3750 630 620 407 253 
3751 925 1063 1041 1129 
3752 878 1011 910 1150 
3753 120 121 118 938 
3754 190 208 992 1089 
3755 912 875 1056 1059 
3756 284 115 282 925 
3757 220 961 174 1007 
3758 1018 1051 888 1071 
3759 303 218 238 990 
3760 691 939 843 1067 
3761 529 508 510 947 
3762 803 819 549 924 
3763 498 1043 960 1124 
3764 537 793 922 1136 
3765 847 347 627 1159 
3766 768 719 720 964 
3767 924 1007 1002 1140 
3768 803 924 1117 1140 
3769 948 1012 588 1093 
3770 307 309 1049 1078 
3771 799 442 843 1000 
3772 928 1011 874 1086 
3773 743 757 519 1017 
3774 960 1036 495 1139 
3775 561 546 715 1090 
3776 878 961 957 1126 
3777 878 1126 975 1150 
3778 939 1025 167 1167 
3779 191 939 167 1167 
3780 651 594 621 1000 
3781 839 629 727 1120 
3782 624 664 667 914 
3783 125 297 298 972 
3784 124 126 125 972 
3785 240 152 239 1078 
3786 952 960 893 1139 
3787 238 1072 911 1167 
3788 167 1025 939 1134 
3789 560 1010 950 1090 
3790 889 1029 921 1042 
3791 930 879 1036 1121 
3792 747 595 759 1066 
3793 427 1073 919 1123 
3794 230 210 209 1092 
3795 186 916 993 1097 
3796 523 525 977 1136 
3797 401 371 242 1079 
3798 478 1029 942 1128 
3799 212 186 993 1097 
3800 3 650 4 1073 
3801 936 1102 893 1105 
3802 170 317 147 1001 
3803 912 997 980 1059 
3804 503 502 501 957 
3805 955 998 812 1161 
3806 136 133 137 1065 
3807 762 347 847 1159 
3808 719 964 1045 1158 
3809 579 577 955 1055 
3810 347 847 627 1125 
3811 924 976 907 1140 
3812 188 1004 951 1138 
3813 203 1009 950 1090 
3814 882 929 958 1110 
3815 555 547 565 1034 
3816 603 953 604 1057 
3817 719 1045 718 1158 
3818 636 637 794 956 
3819 903 981 969 1070 
3820 902 1021 910 1150 
3821 9 705 443 1116 
3822 343 826 363 400 
3823 895 1070 981 1101 
3824 212 213 946 1077 
3825 182 190 992 1134 
3826 334 353 999 1165 
3827 567 581 580 962 
3828 909 1055 955 1115 
3829 505 1124 1037 1140 
3830 157 958 155 1076 
3831 834 714 1009 1144 
3832 292 944 293 1064 
3833 223 1045 224 1125 
3834 334 999 915 1165 
3835 792 823 997 1152 
3836 330 1082 979 1104 
3837 347 341 423 1125 
3838 891 909 1047 1082 
3839 971 140 1065 1149 
3840 944 1046 954 1119 
3841 889 921 1030 1042 
3842 729 534 1015 1080 
3843 892 922 1001 1095 
3844 884 971 918 1065 
3845 639 608 813 993 
3846 205 195 214 953 
3847 504 503 506 1013 
3848 307 1049 973 1078 
3849 823 702 792 997 
3850 255 1100 871 1161 
3851 556 557 542 936 
3852 140 136 137 1065 
3853 354 247 999 1148 
3854 373 372 668 1091 
3855 212 213 185 946 
3856 221 965 296 1069 
3857 720 722 723 996 
3858 742 482 534 1015 
3859 193 976 363 1044 
3860 396 248 249 1158 
3861 948 1022 114 1163 
3862 351 227 964 1146 
3863 413 815 616 1077 
3864 888 1013 915 1068 
3865 164 330 199 1082 
3866 309 920 1049 1078 
3867 193 179 192 976 
3868 234 1079 371 1118 
3869 461 12 302 462 
3870 880 1046 954 1162 
3871 916 1032 886 1040 
3872 702 997 6 1103 
3873 688 369 684 1048 
3874 333 970 312 1028 
3875 575 999 574 1010 
3876 927 1045 964 1112 
3877 204 334 247 999 
3878 556 544 558 991 
3879 889 945 1160 1164 
3880 177 201 940 1101 
3881 247 204 999 1010 
3882 981 1070 903 1101 
3883 488 487 486 1088 
3884 893 1102 936 1130 
3885 964 1112 351 1146 
3886 879 960 952 1036 
3887 474 1029 476 1042 
3888 913 1069 1027 1107 
3889 322 207 256 955 
3890 915 888 1068 1165 
3891 666 664 1006 1019 
3892 599 602 966 1154 
3893 921 1030 168 1039 
3894 524 523 525 977 
3895 549 803 924 1117 
3896 934 1021 883 1038 
3897 596 1041 925 1066 
3898 558 559 587 991 
3899 485 486 943 1094 
3900 651 1081 8 1103 
3901 117 114 1022 1163 
3902 955 1055 207 1100 
3903 466 940 468 1070 
3904 894 961 1068 1126 
3905 933 880 1062 1119 
3906 233 336 276 1009 
3907 882 914 997 1059 
3908 215 360 289 1105 
3909 625 819 803 1140 
3910 927 1109 752 1127 
3911 928 987 949 1086 
3912 278 1012 749 1137 
3913 495 952 494 1139 
3914 907 1102 1037 1130 
3915 879 985 965 1027 
3916 514 1035 512 1108 
3917 876 1098 956 1142 
3918 879 913 1027 1107 
3919 161 172 1068 1165 
3920 505 1037 774 1140 
3921 918 1098 876 1142 
3922 371 744 640 1118 
3923 974 997 702 1103 
3924 237 221 296 1069 
3925 603 1057 727 1120 
3926 484 482 742 1094 
3927 741 1002 803 1117 
3928 176 940 201 1101 
3929 795 988 821 1035 
3930 938 1046 923 1121 
3931 341 628 847 1125 
3932 942 877 1006 1164 
3933 916 1017 886 1032 
3934 203 950 1010 1090 
3935 332 174 220 961 
3936 671 841 438 1003 
3937 602 601 966 1120 
3938 550 933 665 1019 
3939 576 574 575 999 
3940 1027 1069 965 1107 
3941 117 985 1105 1111 
3942 112 948 114 1163 
3943 814 860 679 1016 
3944 659 928 532 1043 
3945 259 260 421 1077 
3946 373 354 372 1091 
3947 914 877 994 1110 
3948 504 674 502 975 
3949 332 1008 146 1068 
3950 624 622 569 1006 
3951 314 978 316 1050 
3952 682 926 548 1166 
3953 218 990 1089 1167 
3954 678 1035 947 1108 
3955 263 419 265 1087 
3956 638 109 770 1093 
3957 818 937 3 980 
3958 659 500 568 1043 
3959 496 495 497 960 
3960 262 833 700 411 
3961 339 934 1065 1104 
3962 573 527 563 1033 
3963 225 351 964 1112 
3964 401 422 618 358 
3965 919 1024 937 1058 
3966 599 602 601 966 
3967 280 991 359 1052 
3968 748 792 969 1152 
3969 221 1053 965 1069 
3970 171 932 1051 1106 
3971 308 166 197 981 
3972 227 996 964 1146 
3973 880 1046 938 1121 
3974 476 475 1042 1128 
3975 601 733 966 1120 
3976 936 898 1156 1163 
3977 113 991 948 1163 
3978 357 374 260 735 
3979 171 320 932 1106 
3980 970 1028 918 1056 
3981 202 303 304 963 
3982 523 982 522 1109 
3983 727 839 337 338 
3984 805 997 823 1152 
3985 542 936 557 1130 
3986 1008 1068 961 1126 
3987 894 1002 924 1007 
3988 1013 1068 888 1126 
3989 510 1018 947 1145 
3990 489 492 679 930 
3991 691 992 939 1067 
3992 409 630 254 1159 
3993 969 974 882 1152 
3994 971 1001 147 1149 
3995 879 1086 949 1121 
3996 350 986 1065 1149 
3997 880 923 1046 1121 
3998 644 427 919 1123 
3999 4 671 5 980 
4000 216 290 287 1074 
4001 320 998 932 1106 
4002 358 323 1004 1079 
4003 278 111 399 1012 
4004 598 606 1012 1137 
4005 913 879 1027 1086 
4006 660 1 919 1073 
4007 886 1032 954 1074 
4008 265 419 739 1087 
4009 225 223 222 1112 
4010 136 134 133 1065 
4011 366 407 842 253 
4012 225 351 227 964 
4013 599 966 598 1154 
4014 719 572 718 1045 
4015 249 227 996 1158 
4016 907 962 1102 1130 
4017 829 373 668 612 
4018 977 1095 538 1114 
4019 274 669 273 364 
4020 879 965 960 1107 
4021 160 1039 159 1076 
4022 826 610 840 343 
4023 140 971 147 1149 
4024 180 344 291 935 
4025 763 461 370 462 
4026 954 1074 944 1119 
4027 886 954 943 1119 
4028 237 298 331 1069 
4029 915 1071 888 1165 
4030 908 956 1098 1142 
4031 961 1008 878 1014 
4032 545 795 821 1035 
4033 572 570 571 1045 
4034 885 960 965 1107 
4035 325 188 327 951 
4036 704 730 479 1029 
4037 499 501 500 1124 
4038 120 938 118 1162 
4039 994 1058 897 1099 
4040 746 1071 932 1147 
4041 567 962 557 1092 
4042 569 676 848 1006 
4043 323 176 188 1004 
4044 660 919 427 1073 
4045 566 557 556 1052 
4046 156 155 157 958 
4047 167 152 1025 1134 
4048 221 352 965 1053 
4049 556 991 558 1052 
4050 642 643 637 1123 
4051 906 937 994 1058 
4052 554 959 552 1159 
4053 599 600 598 966 
4054 923 880 1099 1121 
4055 874 987 928 1086 
4056 703 1081 974 1103 
4057 999 1010 575 1148 
4058 194 962 210 1102 
4059 525 538 977 1095 
4060 241 986 348 1112 
4061 897 1062 994 1099 
4062 906 1058 994 1099 
4063 142 138 330 979 
4064 826 400 836 731 
4065 307 309 310 1049 
4066 590 591 469 1004 
4067 212 185 186 1097 
4068 546 561 560 1090 
4069 175 924 1007 1141 
4070 138 134 339 934 
4071 660 1083 646 1131 
4072 708 586 811 342 
4073 877 1006 994 1019 
4074 552 541 540 1047 
4075 815 838 413 616 
4076 366 871 255 1100 
4077 719 964 760 1109 
4078 793 822 551 1096 
4079 977 1114 941 1133 
4080 927 891 1047 1082 
4081 600 601 733 966 
4082 955 812 1100 1161 
4083 228 205 214 966 
4084 894 1007 924 1141 
4085 247 1010 999 1148 
4086 412 248 396 1158 
4087 1030 1039 889 1076 
4088 193 232 363 976 
4089 747 1031 595 1066 
4090 919 1024 876 1123 
4091 139 142 1020 1038 
4092 665 933 483 1094 
4093 724 707 524 1060 
4094 877 914 1006 1110 
4095 558 991 710 1052 
4096 876 1024 919 1075 
4097 936 1156 991 1163 
4098 274 280 359 1052 
4099 955 1055 909 1132 
4100 730 946 827 1080 
4101 920 1028 967 1078 
4102 900 1115 955 1147 
4103 887 1000 989 1103 
4104 900 955 1106 1147 
4105 1041 1063 905 1129 
4106 516 515 517 1061 
4107 317 1001 922 1146 
4108 342 811 708 272 
4109 899 1000 939 1067 
4110 423 347 762 409 
4111 882 914 1059 1110 
4112 876 1123 1024 1142 
4113 142 163 143 1020 
4114 682 1048 926 1166 
4115 471 468 470 1070 
4116 332 146 162 1068 
4117 330 199 1082 1104 
4118 920 1056 875 1059 
4119 702 439 6 997 
4120 13 12 460 411 
4121 903 1042 969 1160 
4122 329 206 184 1055 
4123 292 293 123 1064 
4124 900 1051 1018 1147 
4125 678 947 510 1108 
4126 333 311 312 970 
4127 242 358 401 1079 
4128 117 985 288 1105 
4129 891 927 1047 1127 
4130 593 941 724 1114 
4131 491 747 494 1031 
4132 963 1072 895 1116 
4133 203 1010 204 1090 
4134 579 1055 955 1100 
4135 112 115 114 1022 
4136 746 533 754 1071 
4137 621 565 680 1034 
4138 419 838 263 413 
4139 916 1040 896 1097 
4140 447 691 690 1089 
4141 888 915 1013 1071 
4142 943 954 880 1119 
4143 892 1001 922 1050 
4144 255 871 418 1161 
4145 908 1024 1123 1142 
4146 202 235 303 963 
4147 217 293 292 944 
4148 331 961 220 1069 
4149 265 869 395 738 
4150 964 996 227 1158 
4151 559 948 588 1093 
4152 158 156 157 958 
4153 733 600 966 1137 
4154 251 269 249 1096 
4155 350 348 986 1149 
4156 498 496 497 960 
4157 525 1095 977 1136 
4158 934 1098 1065 1135 
4159 305 973 307 1072 
4160 926 1034 548 1166 
4161 344 155 1026 1076 
4162 183 207 322 955 
4163 10 799 447 1089 
4164 929 1026 958 1110 
4165 138 934 339 1104 
4166 331 1014 961 1069 
4167 357 338 861 631 
4168 917 1060 1098 1135 
4169 580 557 567 962 
4170 534 480 729 1015 
4171 523 521 522 982 
4172 915 1013 894 1068 
4173 360 231 359 1052 
4174 540 517 515 1047 
4175 871 366 842 1100 
4176 772 109 864 399 
4177 644 427 660 919 
4178 847 628 627 1125 
4179 728 1048 682 1166 
4180 409 762 630 1159 
4181 324 1004 188 1138 
4182 769 1066 948 1156 
4183 936 1102 962 1130 
4184 576 999 575 1148 
4185 924 1002 894 1117 
4186 906 994 1062 1099 
4187 271 732 836 1144 
4188 611 612 576 1148 
4189 197 307 973 1072 
4190 540 737 577 1115 
4191 841 634 632 1003 
4192 673 977 538 1114 
4193 960 1037 497 1124 
4194 728 978 1048 1166 
4195 501 741 503 1002 
4196 640 371 764 744 
4197 213 346 946 1087 
4198 596 535 1041 1066 
4199 819 976 626 1144 
4200 205 966 228 1120 
4201 497 499 498 1124 
4202 531 544 1054 1156 
4203 229 1057 205 1120 
4204 615 998 613 1091 
4205 799 843 691 939 
4206 633 724 593 941 
4207 716 470 469 1004 
4208 715 714 561 1090 
4209 515 514 984 1061 
4210 1026 1076 958 1164 
4211 226 275 1045 1158 
4212 155 154 153 1026 
4213 619 738 563 1033 
4214 715 1009 714 1090 
4215 1002 1117 924 1140 
4216 947 1018 510 1108 
4217 875 937 1024 1058 
4218 771 589 108 402 
4219 884 1098 1060 1135 
4220 247 204 1010 1148 
4221 938 1027 879 1121 
4222 569 622 564 945 
4223 887 1081 1000 1103 
4224 889 1160 958 1164 
4225 873 269 722 807 
4226 877 933 1019 1062 
4227 310 198 154 1049 
4228 274 364 402 796 
4229 923 879 1027 1121 
4230 884 941 1060 1098 
4231 322 183 955 1132 
4232 533 1018 509 1071 
4233 913 1027 923 1086 
4234 952 1054 494 1139 
4235 180 169 160 1039 
4236 748 623 792 1152 
4237 877 935 1026 1164 
4238 545 512 514 1035 
4239 254 253 206 1055 
4240 505 753 1124 1140 
4241 336 335 203 1009 
4242 651 701 989 1103 
4243 301 303 235 990 
4244 873 723 996 1096 
4245 180 160 344 1076 
4246 735 815 421 641 
4247 745 1018 533 1071 
4248 539 1095 551 1166 
4249 1024 1058 919 1075 
4250 350 150 348 1149 
4251 118 938 1111 1162 
4252 905 1017 953 1032 
4253 580 557 962 1130 
4254 336 1009 203 1090 
4255 793 996 822 1096 
4256 222 241 348 1112 
4257 930 1031 890 1088 
4258 986 1104 1065 1135 
4259 182 190 211 992 
4260 203 204 245 1090 
4261 222 200 199 1082 
4262 635 642 637 956 
4263 213 346 185 946 
4264 953 1017 916 1032 
4265 502 568 500 957 
4266 167 151 152 1134 
4267 204 1010 245 1090 
4268 944 880 1046 1119 
4269 315 151 182 1134 
4270 476 1029 478 1128 
4271 898 1105 985 1111 
4272 885 1037 960 1124 
4273 339 134 136 1065 
4274 916 896 1080 1097 
4275 554 541 552 959 
4276 630 578 1055 1159 
4277 574 576 754 999 
4278 538 673 525 977 
4279 620 871 842 1100 
4280 569 945 564 1128 
4281 1086 1099 949 1121 
4282 347 1125 627 1159 
4283 898 936 1105 1163 
4284 923 1027 938 1121 
4285 720 964 719 1158 
4286 769 759 1066 1156 
4287 464 465 963 1118 
4288 879 1086 913 1107 
4289 109 110 108 1093 
4290 1047 1061 891 1127 
4291 910 1021 931 1150 
4292 200 959 184 1082 
4293 290 1032 1040 1074 
4294 512 1035 678 1108 
4295 923 1027 879 1086 
4296 205 1057 953 1120 
4297 956 1060 941 1098 
4298 675 466 468 1070 
4299 748 471 697 969 
4300 834 830 714 1144 
4301 514 513 984 1108 
4302 225 964 226 1045 
4303 892 1034 1050 1095 
4304 989 1003 881 1122 
4305 898 1054 936 1156 
4306 921 1029 889 1039 
4307 349 352 1053 1102 
4308 471 969 748 1070 
4309 906 937 1058 1155 
4310 186 181 187 1097 
4311 122 120 123 1046 
4312 698 761 1037 1130 
4313 542 531 544 1054 
4314 512 678 510 1108 
4315 953 1057 603 1120 
4316 497 1037 960 1139 
4317 669 566 1052 1092 
4318 613 754 576 999 
4319 244 978 314 1048 
4320 755 955 577 1115 
4321 698 1037 751 1130 
4322 614 998 615 1091 
4323 758 792 703 974 
4324 839 337 629 1120 
4325 890 1041 943 1088 
4326 339 136 350 1065 
4327 751 698 761 1037 
4328 144 139 143 1020 
4329 117 288 985 1111 
4330 815 259 421 1077 
4331 411 12 252 302 
4332 474 704 476 1029 
4333 324 358 1004 1138 
4334 206 207 1055 1100 
4335 728 978 685 1048 
4336 959 1055 552 1159 
4337 1050 1095 1034 1166 
4338 952 1036 960 1139 
4339 192 1009 233 1144 
4340 171 1051 932 1165 
4341 945 882 969 1160 
4342 468 466 467 940 
4343 667 805 624 914 
4344 269 396 249 722 
4345 839 854 629 337 
4346 889 1076 1039 1164 
4347 669 273 586 1092 
4348 890 1022 925 1066 
4349 518 522 521 982 
4350 890 925 1041 1066 
4351 189 953 205 1057 
4352 604 608 605 1057 
4353 995 1021 934 1038 
4354 882 945 1110 1160 
4355 919 644 1123 1131 
4356 605 603 604 1057 
4357 614 615 613 1091 
4358 644 919 660 1131 
4359 499 500 1043 1124 
4360 130 970 333 1085 
4361 889 1030 921 1039 
4362 878 1008 961 1126 
4363 559 588 587 1093 
4364 1030 1042 903 1160 
4365 912 1003 989 1122 
4366 577 755 579 955 
4367 109 638 864 1093 
4368 748 969 623 1152 
4369 409 630 407 254 
4370 950 1009 924 1117 
4371 745 1018 1071 1147 
4372 326 325 266 1033 
4373 113 948 112 1163 
4374 731 836 732 1144 
4375 602 604 603 953 
4376 622 564 945 1152 
4377 11 990 10 1089 
4378 349 178 179 1053 
4379 1037 1102 893 1130 
4380 686 992 691 1067 
4381 314 316 170 1050 
4382 499 1043 498 1124 
4383 642 637 956 1123 
4384 198 310 309 1049 
4385 944 1074 935 1119 
4386 804 1115 526 1147 
4387 171 1051 321 1106 
4388 892 971 1023 1133 
4389 505 774 753 1140 
4390 642 956 635 1123 
4391 622 805 823 1152 
4392 770 589 108 771 
4393 117 1022 116 1111 
4394 703 974 702 1103 
4395 1028 1056 920 1122 
4396 112 111 1012 1093 
4397 879 923 1086 1121 
4398 902 1011 983 1150 
4399 533 1071 746 1147 
4400 894 924 1117 1141 
4401 974 997 882 1152 
4402 883 1020 979 1038 
4403 845 946 585 1077 
4404 882 958 981 1160 
4405 882 981 969 1160 
4406 141 147 140 971 
4407 255 871 366 418 
4408 590 1004 469 1079 
4409 522 982 518 1127 
4410 116 117 114 1022 
4411 731 626 976 1144 
4412 886 935 1074 1119 
4413 497 960 495 1139 
4414 1065 1104 934 1135 
4415 878 983 1011 1150 
4416 117 288 289 1105 
4417 911 1072 963 1116 
4418 324 358 323 1004 
4419 945 969 882 1152 
4420 919 902 1083 1131 
4421 464 963 463 1118 
4422 889 1042 1030 1160 
4423 191 1089 939 1167 
4424 904 1084 972 1143 
4425 118 985 288 1111 
4426 632 1003 634 1157 
4427 957 1002 885 1124 
4428 172 161 334 1165 
4429 332 220 331 961 
4430 678 529 510 947 
4431 130 311 333 970 
4432 712 1010 560 1090 
4433 954 1046 880 1119 
4434 935 1076 1026 1164 
4435 712 575 1010 1148 
4436 370 270 763 1118 
4437 305 1072 238 1167 
4438 939 1000 899 1025 
4439 246 245 204 1010 
4440 533 745 509 1018 
4441 412 721 275 1158 
4442 904 970 1085 1142 
4443 659 532 498 1043 
4444 881 1056 1028 1122 
4445 722 721 396 1158 
4446 329 1055 959 1159 
4447 925 966 1129 1154 
4448 800 978 551 1096 
4449 889 945 1128 1160 
4450 334 171 353 1165 
4451 191 218 1089 1167 
4452 488 1041 535 1088 
4453 745 1071 533 1147 
4454 888 975 947 1145 
4455 168 1030 159 1039 
4456 122 123 124 1064 
4457 879 928 1086 1107 
4458 509 1071 1018 1145 
4459 1008 888 1068 1126 
4460 537 922 1095 1136 
4461 922 1136 996 1146 
4462 975 1013 504 1145 
4463 792 702 703 974 
4464 811 840 708 272 
4465 247 353 354 999 
4466 128 127 1005 1084 
4467 586 273 342 1092 
4468 929 877 1026 1110 
4469 888 1071 1051 1165 
4470 882 1110 958 1160 
4471 643 988 1123 1131 
4472 716 951 1004 1138 
4473 694 695 269 361 
4474 866 818 3 980 
4475 884 1065 918 1098 
4476 205 189 195 953 
4477 913 1086 928 1107 
4478 957 885 1043 1124 
4479 883 1021 931 1038 
4480 690 687 692 992 
4481 212 993 260 1077 
4482 793 723 822 996 
4483 296 221 352 965 
4484 915 999 932 1165 
4485 927 1047 959 1082 
4486 128 127 131 1005 
4487 807 695 269 694 
4488 177 304 197 1072 
4489 965 1053 885 1069 
4490 7 651 8 1103 
4491 354 999 353 1091 
4492 892 1050 922 1095 
4493 170 148 315 1050 
4494 197 305 307 1072 
4495 281 117 1105 1163 
4496 768 720 723 996 
4497 350 986 241 1104 
4498 626 583 731 976 
4499 478 942 676 1128 
4500 149 239 152 967 
4501 124 1064 127 1084 
4502 721 824 275 1158 
4503 882 1049 929 1059 
4504 696 684 688 369 
4505 880 930 1016 1121 
4506 290 1032 187 1040 
4507 977 1001 901 1136 
4508 478 481 676 942 
4509 556 558 710 1052 
4510 882 1059 929 1110 
4511 878 957 975 1126 
4512 809 441 417 798 
4513 251 361 269 1096 
4514 609 608 993 1057 
4515 585 827 730 946 
4516 193 209 194 1044 
4517 918 970 1056 1142 
4518 626 819 625 976 
4519 507 1013 725 1071 
4520 497 1037 505 1124 
4521 728 551 978 1166 
4522 335 233 192 1009 
4523 371 820 764 744 
4524 613 999 576 1091 
4525 1037 751 1130 1139 
4526 395 417 809 844 
4527 271 276 830 1144 
4528 698 580 761 1130 
4529 603 605 727 1057 
4530 115 283 116 1022 
4531 694 689 695 361 
4532 262 692 833 398 
4533 903 1070 940 1101 
4534 910 931 1021 1153 
4535 184 200 329 959 
4536 218 990 252 1089 
4537 845 827 585 946 
4538 579 955 812 1100 
4539 218 301 252 990 
4540 734 987 660 1155 
4541 894 1068 1013 1126 
4542 658 662 661 906 
4543 941 1114 968 1133 
4544 225 226 223 1045 
4545 931 1020 883 1038 
4546 882 974 973 1151 
4547 202 235 963 1118 
4548 559 769 948 1156 
4549 549 741 803 1117 
4550 749 277 278 1137 
4551 749 1012 606 1137 
4552 530 494 1054 1139 
4553 132 299 1143 1153 
4554 884 1065 1098 1135 
4555 943 1094 886 1119 
4556 132 1143 995 1153 
4557 686 687 992 1113 
4558 246 362 279 652 
4559 662 428 664 1019 
4560 751 1037 497 1139 
4561 879 1027 965 1107 
4562 542 1054 936 1130 
4563 409 347 762 1159 
4564 663 661 662 1019 
4565 794 520 707 1060 
4566 924 1009 950 1141 
4567 709 691 843 1067 
4568 942 1029 889 1128 
4569 716 469 591 1004 
4570 516 520 677 1061 
4571 834 1009 819 1144 
4572 555 968 592 1114 
4573 510 1018 511 1108 
4574 509 1018 510 1145 
4575 282 112 111 1012 
4576 525 537 1095 1136 
4577 926 1034 899 1067 
4578 340 226 275 1045 
4579 249 248 227 1158 
4580 585 1077 946 1087 
4581 562 951 716 1138 
4582 559 991 558 1156 
4583 806 871 1100 1161 
4584 809 417 781 844 
4585 761 774 505 1037 
4586 316 978 318 1096 
4587 128 131 311 1005 
4588 993 1080 946 1097 
4589 80 109 108 770 
4590 117 118 288 1111 
4591 887 973 974 1151 
4592 740 405 261 1113 
4593 339 350 241 1104 
4594 139 138 142 1038 
4595 728 685 682 1048 
4596 511 745 526 1018 
4597 582 581 583 1044 
4598 126 128 129 1084 
4599 358 242 323 1079 
4600 804 755 526 1115 
4601 625 774 582 1140 
4602 250 996 227 1146 
4603 177 176 201 1101 
4604 197 166 177 1101 
4605 136 1065 140 1149 
4606 617 998 614 1161 
4607 932 1106 998 1147 
4608 716 1004 591 1138 
4609 926 1067 899 1134 
4610 324 323 188 1004 
4611 603 602 953 1120 
4612 525 537 538 1095 
4613 874 1086 923 1099 
4614 605 631 727 1057 
4615 828 1073 642 1123 
4616 644 660 646 1131 
4617 244 314 219 1048 
4618 632 775 841 1003 
4619 1029 1042 889 1128 
4620 206 1055 253 1100 
4621 374 357 736 735 
4622 1049 1078 920 1151 
4623 917 1060 956 1098 
4624 708 610 581 1044 
4625 745 526 1018 1147 
4626 194 210 215 1102 
4627 956 1123 908 1157 
4628 830 276 765 714 
4629 167 1025 306 1167 
4630 262 208 252 1089 
4631 598 600 606 1137 
4632 286 954 294 1162 
4633 318 314 244 978 
4634 797 598 606 1012 
4635 967 1028 920 1122 
4636 889 1128 945 1164 
4637 230 342 273 1092 
4638 749 277 399 278 
4639 1051 1071 932 1165 
4640 533 1071 509 1145 
4641 558 991 544 1156 
4642 795 637 643 988 
4643 920 1028 970 1056 
4644 922 1001 1136 1146 
4645 877 1019 994 1062 
4646 822 996 723 1096 
4647 635 956 636 1157 
4648 662 906 658 1155 
4649 888 947 1018 1145 
4650 776 617 614 1161 
4651 105 404 851 628 
4652 120 1046 938 1162 
4653 609 605 608 1057 
4654 892 1095 977 1114 
4655 664 624 666 1006 
4656 873 822 723 1096 
4657 249 996 251 1096 
4658 155 217 344 1026 
4659 515 516 514 1061 
4660 234 242 371 1079 
4661 945 1006 914 1110 
4662 737 984 513 1115 
4663 562 473 716 951 
4664 864 638 109 772 
4665 901 1136 1001 1146 
4666 657 814 656 949 
4667 674 508 529 975 
4668 287 294 286 954 
4669 781 417 381 844 
4670 805 439 823 997 
4671 354 365 247 1148 
4672 969 981 903 1160 
4673 828 642 635 1123 
4674 132 130 1085 1143 
4675 268 779 733 267 
4676 744 1079 465 1118 
4677 119 120 118 1162 
4678 214 236 966 1129 
4679 563 527 562 1033 
4680 132 134 135 995 
4681 554 571 570 1125 
4682 948 1022 898 1066 
4683 493 672 492 1036 
4684 726 535 488 1041 
4685 515 514 513 984 
4686 643 1123 642 1131 
4687 937 1024 919 1073 
4688 224 1045 340 1125 
4689 888 975 1013 1126 
4690 723 793 768 996 
4691 956 988 876 1123 
4692 939 1025 899 1134 
4693 157 160 159 1076 
4694 1034 1095 547 1166 
4695 550 665 663 1019 
4696 686 683 687 1113 
4697 733 267 607 1137 
4698 146 196 144 1008 
4699 507 504 1013 1145 
4700 1 3 937 1073 
4701 639 813 827 1080 
4702 588 559 769 948 
4703 132 129 130 1143 
4704 886 935 1040 1074 
4705 597 1041 726 1154 
4706 900 932 1051 1147 
4707 779 607 733 267 
4708 539 537 551 1095 
4709 665 483 485 1094 
4710 638 770 587 1093 
4711 357 736 735 631 
4712 660 427 1 1073 
4713 251 996 250 1096 
4714 893 1054 936 1105 
4715 448 833 692 398 
4716 525 673 524 977 
4717 530 1054 542 1130 
4718 806 1100 812 1161 
4719 920 1122 1059 1151 
4720 654 532 659 928 
4721 585 573 584 1087 
4722 224 340 341 1125 
4723 709 680 681 1067 
4724 698 1130 751 1139 
4725 502 500 501 957 
4726 493 495 496 1036 
4727 649 660 734 987 
4728 550 666 1006 1019 
4729 904 1058 1024 1075 
4730 365 653 362 1148 
4731 551 800 728 978 
4732 711 554 552 1159 
4733 637 636 635 956 
4734 592 565 594 968 
4735 483 665 550 933 
4736 596 595 535 1066 
4737 150 147 1001 1149 
4738 912 1059 1122 1151 
4739 926 1050 1034 1166 
4740 619 563 562 1033 
4741 938 890 1111 1162 
4742 173 174 162 1141 
4743 190 208 345 992 
4744 949 1016 930 1121 
4745 815 421 259 413 
4746 643 821 988 1131 
4747 915 932 1071 1165 
4748 850 91 279 368 
4749 639 641 993 1077 
4750 916 1080 993 1097 
4751 143 139 142 1020 
4752 995 1038 135 1153 
4753 137 141 140 971 
4754 550 666 848 1006 
4755 171 321 320 1106 
4756 101 854 839 337 
4757 900 1051 932 1106 
4758 272 209 363 1044 
4759 446 11 462 990 
4760 940 1070 895 1101 
4761 636 707 724 1060 
4762 168 159 160 1039 
4763 474 472 473 1042 
4764 5 855 4 980 
4765 475 477 564 1128 
4766 967 1025 887 1078 
4767 530 542 698 1130 
4768 973 1078 1049 1151 
4769 884 1060 982 1135 
4770 660 649 646 1083 
4771 488 535 490 1088 
4772 294 292 123 1046 
4773 597 726 757 1154 
4774 922 1050 978 1166 
4775 369 244 243 1048 
4776 803 1002 753 1140 
4777 475 474 476 1042 
4778 152 240 306 1025 
4779 948 1066 898 1156 
4780 312 239 313 1028 
4781 256 207 255 1161 
4782 273 1052 231 1092 
4783 936 1054 898 1105 
4784 803 741 753 1002 
4785 150 140 147 1149 
4786 740 261 693 1113 
4787 901 1112 964 1146 
4788 181 290 187 1040 
4789 206 253 207 1100 
4790 132 995 135 1153 
4791 359 991 113 1163 
4792 565 592 555 968 
4793 776 257 777 1161 
4794 118 1111 119 1162 
4795 258 998 256 1161 
4796 569 477 676 1128 
4797 986 1065 884 1135 
4798 690 691 686 992 
4799 979 1082 891 1104 
4800 476 478 477 1128 
4801 751 505 497 1037 
4802 697 623 748 969 
4803 777 418 871 1161 
4804 899 1067 939 1134 
4805 418 777 257 1161 
4806 258 256 257 1161 
4807 698 530 1130 1139 
4808 504 508 975 1145 
4809 997 912 1103 1151 
4810 555 592 593 1114 
4811 737 515 513 984 
4812 920 1078 967 1122 
4813 936 1054 893 1130 
4814 753 1002 501 1124 
4815 892 1114 977 1133 
4816 477 569 564 1128 
4817 207 1100 255 1161 
4818 982 986 884 1135 
4819 808 606 749 1012 
4820 891 986 982 1135 
4821 593 724 673 1114 
4822 13 12 411 302 
4823 251 250 316 1096 
4824 371 640 270 1118 
4825 712 560 561 1090 
4826 362 653 652 1148 
4827 242 201 323 1079 
4828 729 730 827 1080 
4829 712 652 575 1148 
4830 221 349 352 1053 
4831 841 775 438 1003 
4832 286 1063 954 1162 
4833 435 412 396 721 
4834 350 348 241 986 
4835 883 947 1035 1108 
4836 804 746 615 1147 
4837 330 241 199 1104 
4838 405 445 740 261 
4839 925 1022 948 1066 
4840 920 1078 1122 1151 
4841 554 1125 959 1159 
4842 249 250 251 996 
4843 528 503 741 1117 
4844 285 1063 283 1129 
4845 643 821 795 988 
4846 514 512 513 1108 
4847 882 997 974 1151 
4848 246 362 652 1148 
4849 246 1010 204 1148 
4850 220 174 178 1007 
4851 417 395 381 844 
4852 421 260 374 735 
4853 933 886 1094 1119 
4854 136 350 1065 1149 
4855 184 164 199 1082 
4856 713 561 714 1090 
4857 631 605 609 1057 
4858 314 318 316 978 
4859 322 955 1106 1132 
4860 522 1109 982 1127 
4861 232 976 192 1144 
4862 423 847 341 790 
4863 739 869 265 738 
4864 672 496 532 1036 
4865 800 685 728 978 
4866 886 1040 1032 1074 
4867 102 833 448 398 
4868 510 509 511 1018 
4869 212 328 260 993 
4870 851 789 105 628 
4871 1054 1130 530 1139 
4872 926 1048 978 1166 
4873 688 684 685 1048 
4874 667 866 855 980 
4875 314 170 315 1050 
4876 645 646 647 1131 
4877 357 328 229 1057 
4878 320 256 998 1106 
4879 526 737 513 1115 
4880 507 506 725 1013 
4881 579 578 577 1055 
4882 819 834 715 1009 
4883 900 1106 932 1147 
4884 646 1083 647 1131 
4885 229 189 205 1057 
4886 651 7 701 1103 
4887 226 964 227 1158 
4888 271 400 232 1144 
4889 533 725 754 1071 
4890 808 588 797 1012 
4891 281 359 113 1163 
4892 850 766 91 368 
4893 714 715 834 1009 
4894 833 102 262 398 
4895 365 611 653 1148 
4896 372 106 668 425 
4897 812 579 755 955 
4898 368 850 766 713 
4899 361 251 318 1096 
4900 447 11 10 1089 
4901 845 585 616 1077 
4902 228 966 236 1137 
4903 839 727 861 338 
4904 158 166 308 981 
4905 150 1001 317 1146 
4906 226 225 227 964 
4907 237 220 221 1069 
4908 282 1012 278 1137 
4909 642 1073 427 1123 
4910 670 586 273 342 
4911 669 586 273 670 
4912 206 1055 329 1159 
4913 357 861 78 736 
4914 925 1129 1041 1154 
4915 132 135 299 1153 
4916 687 740 693 1113 
4917 476 477 475 1128 
4918 881 1028 967 1122 
4919 669 586 566 1092 
4920 559 759 769 1156 
4921 677 514 516 1061 
4922 802 422 388 798 
4923 211 992 345 1113 
4924 319 361 689 375 
4925 884 1065 986 1149 
4926 974 997 1103 1151 
4927 508 674 504 975 
4928 191 167 306 1167 
4929 736 357 861 631 
4930 749 607 277 1137 
4931 216 187 290 1032 
4932 344 157 155 1076 
4933 579 812 806 1100 
4934 922 1095 1050 1166 
4935 351 250 227 1146 
4936 500 659 498 1043 
4937 618 422 802 798 
4938 776 372 668 425 
4939 409 407 786 390 
4940 460 76 13 411 
4941 580 698 557 1130 
4942 644 642 427 1123 
4943 599 601 600 966 
4944 337 229 205 1120 
4945 175 1007 174 1141 
4946 1 3 818 937 
4947 939 1067 992 1134 
4948 1041 1129 905 1154 
4949 332 196 146 1008 
4950 331 220 237 1069 
4951 884 971 1065 1149 
4952 8 443 703 1081 
4953 213 1077 259 1087 
4954 898 1022 948 1163 
4955 226 1045 964 1158 
4956 694 689 361 375 
4957 701 594 651 989 
4958 349 215 352 1102 
4959 613 576 612 1091 
4960 329 959 1125 1159 
4961 719 760 752 1109 
4962 908 1024 1073 1123 
4963 997 1059 912 1151 
4964 476 479 478 1029 
4965 293 127 124 1064 
4966 367 358 324 1138 
4967 234 201 242 1079 
4968 828 427 642 1073 
4969 334 353 247 999 
4970 214 284 236 1129 
4971 499 500 498 1043 
4972 294 954 1046 1162 
4973 908 1056 1024 1142 
4974 164 142 330 979 
4975 224 223 340 1045 
4976 960 1043 885 1124 
4977 983 1011 902 1083 
4978 722 396 767 807 
4979 633 635 636 1157 
4980 567 557 566 1092 
4981 588 1012 808 1093 
4982 769 759 595 1066 
4983 507 1013 1071 1145 
4984 597 596 535 1041 
4985 482 484 483 1094 
4986 946 1077 213 1087 
4987 192 232 193 976 
4988 745 533 746 1147 
4989 159 168 327 1030 
4990 649 655 654 987 
4991 199 200 184 1082 
4992 404 105 341 628 
4993 885 1043 960 1107 
4994 478 676 477 1128 
4995 887 1122 1078 1151 
4996 794 707 636 1060 
4997 243 1048 219 1113 
4998 367 388 422 798 
4999 950 1117 924 1141 
5000 313 333 312 1028 
5001 289 360 281 1105 
5002 539 547 1095 1166 
5003 392 404 275 824 
5004 377 460 833 411 
5005 533 507 725 1071 
5006 779 277 607 267 
5007 126 297 125 972 
5008 1002 1124 753 1140 
5009 80 109 770 454 
5010 944 1062 880 1119 
5011 167 152 306 1025 
5012 697 472 475 1042 
5013 387 400 271 836 
5014 485 484 486 1094 
5015 578 1055 579 1100 
5016 703 702 7 1103 
5017 271 233 276 1144 
5018 583 626 625 976 
5019 784 97 422 401 
5020 920 1059 1049 1151 
5021 860 661 553 1016 
5022 590 744 820 1079 
5023 830 732 271 1144 
5024 547 548 1034 1166 
5025 149 148 141 1023 
5026 507 504 506 1013 
5027 617 812 998 1161 
5028 889 958 1076 1164 
5029 811 99 840 272 
5030 912 1122 1103 1151 
5031 266 356 264 1033 
5032 847 762 437 423 
5033 216 195 187 1032 
5034 718 572 717 1045 
5035 321 145 143 1051 
5036 370 235 270 1118 
5037 298 355 331 1014 
5038 952 893 1054 1139 
5039 836 271 787 732 
5040 132 1085 995 1143 
5041 562 716 756 1138 
5042 652 653 611 1148 
5043 130 333 133 1085 
5044 465 744 467 1079 
5045 306 305 238 1167 
5046 702 823 439 997 
5047 138 339 330 1104 
5048 269 396 722 807 
5049 668 106 778 425 
5050 698 751 530 1139 
5051 337 228 268 1120 
5052 616 1077 585 1087 
5053 712 561 713 1090 
5054 609 639 641 993 
5055 923 1099 1086 1121 
5056 214 236 228 966 
5057 328 212 186 993 
5058 273 669 85 364 
5059 90 445 405 261 
5060 885 965 1069 1107 
5061 554 627 1125 1159 
5062 931 1038 1021 1153 
5063 854 779 733 268 
5064 762 437 423 409 
5065 206 254 1055 1159 
5066 742 801 743 1017 
5067 161 172 162 1068 
5068 970 918 1085 1142 
5069 978 1050 926 1166 
5070 422 618 784 401 
5071 648 983 647 1083 
5072 854 101 268 337 
5073 964 1109 927 1112 
5074 706 705 464 1116 
5075 300 355 299 1153 
5076 822 800 551 1096 
5077 236 282 278 1137 
5078 886 1074 954 1119 
5079 270 371 764 640 
5080 622 623 564 1152 
5081 717 572 571 1045 
5082 959 1047 909 1082 
5083 482 481 480 1015 
5084 512 545 678 1035 
5085 698 542 557 1130 
5086 530 494 531 1054 
5087 888 1013 975 1145 
5088 178 174 175 1007 
5089 396 269 767 807 
5090 273 274 231 1052 
5091 517 1047 699 1127 
5092 523 536 525 1136 
5093 341 384 423 790 
5094 264 263 265 1087 
5095 113 112 114 1163 
5096 139 135 1038 1153 
5097 11 446 10 990 
5098 829 653 365 611 
5099 109 772 380 399 
5100 1103 1122 887 1151 
5101 447 690 856 1089 
5102 294 1046 120 1162 
5103 771 589 402 796 
5104 575 560 712 1010 
5105 175 173 335 1141 
5106 285 283 284 1129 
5107 775 594 701 989 
5108 124 127 126 1084 
5109 617 812 615 998 
5110 295 121 122 1027 
5111 495 494 530 1139 
5112 533 507 1071 1145 
5113 218 208 191 1089 
5114 946 1080 896 1097 
5115 86 838 419 413 
5116 901 1109 964 1112 
5117 305 304 238 1072 
5118 942 1128 889 1164 
5119 8 442 9 1081 
5120 960 1037 893 1139 
5121 213 264 346 1087 
5122 499 753 501 1124 
5123 263 213 259 1087 
5124 467 590 469 1079 
5125 331 355 196 1014 
5126 743 519 742 1017 
5127 630 711 578 1159 
5128 711 552 1055 1159 
5129 640 763 270 1118 
5130 869 94 395 844 
5131 882 1059 997 1151 
5132 721 718 824 1158 
5133 834 819 626 1144 
5134 211 345 261 1113 
5135 643 642 644 1131 
5136 910 1021 995 1153 
5137 286 119 1063 1162 
5138 281 117 289 1105 
5139 356 266 325 1033 
5140 776 668 778 425 
5141 967 1078 887 1122 
5142 559 558 544 1156 
5143 258 320 256 998 
5144 643 645 821 1131 
5145 419 869 739 383 
5146 301 218 303 990 
5147 249 227 250 996 
5148 320 322 256 1106 
5149 786 762 630 409 
5150 541 699 517 1047 
5151 683 1048 684 1113 
5152 267 277 607 1137 
5153 615 614 617 998 
5154 1021 1038 995 1153 
5155 324 325 326 1138 
5156 265 869 419 383 
5157 686 691 709 1067 
5158 359 280 113 991 
5159 790 847 341 628 
5160 443 706 758 1116 
5161 230 231 210 1092 
5162 368 766 765 713 
5163 618 820 784 401 
5164 480 534 482 1015 
5165 892 968 1114 1133 
5166 295 296 121 1027 
5167 900 1106 955 1132 
5168 684 683 682 1048 
5169 499 497 505 1124 
5170 248 412 275 1158 
5171 464 463 465 1118 
5172 620 806 871 1100 
5173 882 973 1049 1151 
5174 887 1078 973 1151 
5175 728 539 551 1166 
5176 118 116 119 1111 
5177 601 629 733 1120 
5178 286 294 119 1162 
5179 770 109 638 454 
5180 165 159 327 1030 
5181 259 212 260 1077 
5182 994 1019 906 1062 
5183 595 747 490 1031 
5184 351 150 317 1146 
5185 209 193 363 1044 
5186 974 1081 887 1103 
5187 603 601 602 1120 
5188 664 428 818 937 
5189 407 786 630 409 
5190 445 693 740 261 
5191 371 389 820 401 
5192 566 710 669 1052 
5193 4 855 866 980 
5194 689 694 440 375 
5195 176 166 165 1101 
5196 105 789 790 628 
5197 316 318 251 1096 
5198 894 1117 950 1141 
5199 501 753 741 1002 
5200 139 300 135 1153 
5201 275 87 392 824 
5202 692 693 448 398 
5203 687 690 686 992 
5204 149 151 148 1023 
5205 147 317 150 1001 
5206 297 129 299 1143 
5207 84 277 779 267 
5208 700 11 447 1089 
5209 843 651 621 1000 
5210 919 1073 1024 1123 
5211 286 119 283 1063 
5212 850 652 279 431 
5213 504 507 508 1145 
5214 912 989 1103 1122 
5215 368 276 765 378 
5216 575 574 560 1010 
5217 321 171 145 1051 
5218 512 510 511 1108 
5219 821 678 545 1035 
5220 454 109 638 772 
5221 642 1123 644 1131 
5222 262 377 833 411 
5223 608 639 609 993 
5224 887 1103 989 1122 
5225 405 243 261 1113 
5226 680 547 548 1034 
5227 599 757 602 1154 
5228 265 869 739 419 
5229 568 837 868 983 
5230 909 1115 955 1132 
5231 610 583 581 1044 
5232 882 1049 1059 1151 
5233 756 591 798 1138 
5234 273 85 669 670 
5235 434 86 838 419 
5236 603 727 629 1120 
5237 181 180 290 1040 
5238 750 277 607 779 
5239 740 696 445 405 
5240 565 547 680 1034 
5241 487 679 553 1016 
5242 246 365 362 1148 
5243 955 1115 900 1132 
5244 864 638 808 1093 
5245 388 81 441 798 
5246 537 536 793 1136 
5247 389 371 820 764 
5248 338 861 78 357 
5249 162 146 161 1068 
5250 777 871 806 1161 
5251 668 614 612 1091 
5252 276 98 271 830 
5253 533 509 507 1145 
5254 291 292 287 1074 
5255 117 281 114 1163 
5256 171 145 1051 1165 
5257 191 238 218 1167 
5258 155 153 217 1026 
5259 423 437 79 409 
5260 682 548 728 1166 
5261 771 108 107 402 
5262 722 435 396 721 
5263 787 387 271 836 
5264 522 760 523 1109 
5265 898 948 1156 1163 
5266 652 362 279 431 
5267 509 510 508 1145 
5268 194 215 349 1102 
5269 160 169 168 1039 
5270 790 341 105 628 
5271 488 489 487 1088 
5272 247 246 204 1148 
5273 185 169 181 1097 
5274 596 769 595 1066 
5275 336 233 335 1009 
5276 729 813 534 1080 
5277 90 379 445 261 
5278 99 811 342 272 
5279 371 270 234 1118 
5280 255 253 366 1100 
5281 396 269 93 767 
5282 94 265 869 395 
5283 490 747 491 1031 
5284 336 245 368 1090 
5285 307 240 309 1078 
5286 329 224 347 1125 
5287 616 584 739 1087 
5288 329 1125 347 1159 
5289 826 400 429 836 
5290 751 497 495 1139 
5291 139 135 138 1038 
5292 221 178 349 1053 
5293 81 388 367 798 
5294 244 219 243 1048 
5295 711 630 762 1159 
5296 232 192 233 1144 
5297 893 1037 1130 1139 
5298 282 111 278 1012 
5299 136 140 350 1149 
5300 111 112 110 1093 
5301 830 787 271 732 
5302 704 479 476 1029 
5303 599 598 597 1154 
5304 647 868 837 983 
5305 285 286 283 1063 
5306 407 842 103 366 
5307 640 463 763 1118 
5308 838 739 434 419 
5309 547 539 548 1166 
5310 105 384 341 790 
5311 230 273 231 1092 
5312 294 120 119 1162 
5313 364 669 85 430 
5314 123 120 294 1046 
5315 440 688 689 319 
5316 544 531 759 1156 
5317 709 681 686 1067 
5318 891 1104 986 1135 
5319 115 116 114 1022 
5320 411 76 13 302 
5321 765 766 368 378 
5322 800 822 695 1096 
5323 772 80 109 380 
5324 319 689 440 375 
5325 347 224 341 1125 
5326 518 517 699 1127 
5327 675 471 748 1070 
5328 578 552 577 1055 
5329 639 845 641 1077 
5330 555 673 538 1114 
5331 9 443 8 1081 
5332 772 864 432 399 
5333 351 225 348 1112 
5334 326 367 324 1138 
5335 445 379 693 261 
5336 354 258 372 1091 
5337 888 1018 1071 1145 
5338 586 708 567 1092 
5339 164 183 163 1132 
5340 175 174 173 1141 
5341 421 815 735 452 
5342 276 98 830 765 
5343 206 329 254 1159 
5344 461 370 100 763 
5345 271 98 787 830 
5346 783 815 838 413 
5347 554 711 627 1159 
5348 670 273 85 342 
5349 13 12 302 461 
5350 549 546 528 1117 
5351 781 441 417 809 
5352 372 106 373 668 
5353 421 374 95 452 
5354 373 83 365 829 
5355 108 80 770 863 
5356 751 761 505 1037 
5357 132 130 133 1085 
5358 770 108 107 771 
5359 815 421 413 386 
5360 517 540 541 1047 
5361 538 539 547 1095 
5362 240 239 309 1078 
5363 606 808 797 1012 
5364 267 228 236 1137 
5365 765 276 98 378 
5366 84 277 750 779 
5367 1 937 428 1155 
5368 442 651 843 1000 
5369 77 826 343 400 
5370 871 89 366 418 
5371 887 974 1103 1151 
5372 1 427 3 1073 
5373 229 328 189 1057 
5374 578 579 620 1100 
5375 648 646 649 1083 
5376 607 749 606 1137 
5377 734 660 1 1155 
5378 856 700 447 1089 
5379 449 391 270 763 
5380 379 693 261 398 
5381 272 99 840 343 
5382 802 388 441 798 
5383 319 104 688 369 
5384 80 108 107 863 
5385 337 839 101 338 
5386 710 566 556 1052 
5387 511 513 512 1108 
5388 511 509 745 1018 
5389 868 647 648 983 
5390 374 421 735 452 
5391 190 182 167 1134 
5392 726 597 535 1041 
5393 718 720 719 1158 
5394 258 354 353 1091 
5395 103 842 407 456 
5396 190 345 211 992 
5397 646 648 647 1083 
5398 243 219 211 1113 
5399 231 274 359 1052 
5400 440 104 688 319 
5401 212 259 213 1077 
5402 413 783 815 386 
5403 770 107 108 863 
5404 830 834 732 1144 
5405 530 531 542 1054 
5406 995 1143 910 1153 
5407 670 811 586 342 
5408 132 299 129 1143 
5409 888 1071 1013 1145 
5410 720 721 722 1158 
5411 653 365 83 829 
5412 627 628 571 1125 
5413 431 362 279 403 
5414 226 227 248 1158 
5415 448 693 379 398 
5416 632 634 633 1157 
5417 202 234 235 1118 
5418 377 833 102 262 
5419 390 407 786 456 
5420 124 123 293 1064 
5421 488 490 489 1088 
5422 755 577 737 1115 
5423 711 552 578 1055 
5424 893 1130 1054 1139 
5425 110 109 111 1093 
5426 784 618 422 802 
5427 485 483 484 1094 
5428 454 80 109 772 
5429 471 675 468 1070 
5430 267 278 277 1137 
5431 7 702 6 1103 
5432 290 291 287 1074 
5433 449 270 764 640 
5434 226 248 275 1158 
5435 402 364 96 796 
5436 97 784 422 802 
5437 88 270 371 764 
5438 427 650 3 1073 
5439 848 624 569 1006 
5440 873 695 822 1096 
5441 77 826 400 429 
5442 820 444 389 764 
5443 749 432 864 399 
5444 684 682 685 1048 
5445 839 854 101 788 
5446 319 440 104 375 
5447 711 1055 578 1159 
5448 550 663 666 1019 
5449 429 400 387 836 
5450 782 739 869 383 
5451 731 732 626 1144 
5452 118 117 116 1111 
5453 783 838 86 413 
5454 427 828 650 1073 
5455 850 279 91 431 
5456 393 696 369 405 
5457 991 1156 948 1163 
5458 205 228 337 1120 
5459 672 493 496 1036 
5460 688 780 696 369 
5461 391 100 270 763 
5462 617 806 812 1161 
5463 815 641 616 1077 
5464 830 98 459 765 
5465 733 607 600 1137 
5466 100 370 270 763 
5467 472 474 475 1042 
5468 157 344 160 1076 
5469 171 161 145 1165 
5470 389 784 820 401 
5471 683 684 740 1113 
5472 407 842 630 456 
5473 6 701 7 1103 
5474 322 163 183 1132 
5475 706 443 705 1116 
5476 640 744 465 1118 
5477 181 186 185 1097 
5478 285 284 214 1129 
5479 373 106 457 668 
5480 277 432 92 750 
5481 128 126 127 1084 
5482 417 81 441 781 
5483 436 839 861 338 
5484 840 826 343 785 
5485 833 102 817 377 
5486 218 252 208 1089 
5487 617 776 777 1161 
5488 584 616 585 1087 
5489 225 222 348 1112 
5490 526 755 737 1115 
5491 409 254 347 1159 
5492 336 203 245 1090 
5493 1 818 428 937 
5494 81 417 381 781 
5495 764 88 270 449 
5496 791 871 89 366 
5497 270 449 763 640 
5498 268 84 779 267 
5499 827 813 729 1080 
5500 197 304 305 1072 
5501 781 381 453 844 
5502 634 828 635 1157 
5503 380 772 432 399 
5504 101 394 854 268 
5505 762 627 711 1159 
5506 103 842 791 366 
5507 780 688 104 369 
5508 784 389 97 401 
5509 786 437 762 409 
5510 445 696 393 405 
5511 792 623 823 1152 
5512 522 518 699 1127 
5513 607 749 277 750 
5514 250 351 317 1146 
5515 549 528 741 1117 
5516 436 101 839 338 
5517 430 669 85 670 
5518 226 340 223 1045 
5519 402 96 771 796 
5520 666 662 664 1019 
5521 539 538 537 1095 
5522 374 357 78 736 
5523 776 778 433 425 
5524 753 499 505 1124 
5525 817 460 833 377 
5526 655 987 734 1155 
5527 396 767 435 722 
5528 854 394 101 788 
5529 408 791 89 366 
5530 857 13 397 461 
5531 716 591 756 1138 
5532 525 536 537 1136 
5533 151 167 182 1134 
5534 370 100 302 461 
5535 408 103 791 366 
5536 611 576 575 1148 
5537 343 826 77 785 
5538 404 392 105 851 
5539 765 98 459 378 
5540 176 177 166 1101 
5541 860 553 679 1016 
5542 693 810 379 445 
5543 614 613 612 1091 
5544 339 241 330 1104 
5545 630 786 407 456 
5546 774 803 753 1140 
5547 849 95 374 452 
5548 86 783 413 386 
5549 740 687 683 1113 
5550 431 652 362 831 
5551 450 807 767 382 
5552 869 265 94 383 
5553 669 364 796 430 
5554 435 773 412 721 
5555 779 394 84 268 
5556 774 625 803 1140 
5557 150 350 140 1149 
5558 388 97 422 802 
5559 343 99 840 785 
5560 302 397 13 461 
5561 694 269 82 361 
5562 668 457 373 829 
5563 649 734 655 987 
5564 451 789 105 851 
5565 663 662 666 1019 
5566 322 320 321 1106 
5567 666 624 848 1006 
5568 79 437 786 409 
5569 361 82 694 375 
5570 745 804 526 1147 
5571 381 395 94 844 
5572 854 455 394 788 
5573 627 571 554 1125 
5574 94 869 453 844 
5575 611 575 652 1148 
5576 593 673 555 1114 
5577 451 105 392 851 
5578 421 815 452 386 
5579 277 749 432 750 
5580 334 161 171 1165 
5581 777 385 846 418 
5582 423 437 847 790 
5583 445 393 90 405 
5584 791 842 871 366 
5585 368 766 91 378 
5586 269 767 807 382 
5587 522 752 760 1109 
5588 641 845 616 1077 
5589 207 253 255 1100 
5590 400 387 77 429 
5591 448 833 102 817 
5592 467 744 590 1079 
5593 433 778 385 425 
5594 410 861 867 338 
5595 455 394 84 779 
5596 846 385 777 433 
5597 811 670 853 406 
5598 811 840 99 458 
5599 567 566 586 1092 
5600 302 100 397 461 
5601 857 397 100 461 
5602 409 786 79 390 
5603 870 35 36 380 
5604 607 606 600 1137 
5605 271 232 233 1144 
5606 423 79 437 384 
5607 101 436 410 338 
5608 396 376 412 435 
5609 431 279 91 403 
5610 379 810 693 448 
5611 211 261 243 1113 
5612 767 269 93 382 
5613 530 751 495 1139 
5614 599 597 757 1154 
5615 735 849 374 452 
5616 88 371 389 764 
5617 832 771 96 796 
5618 823 623 622 1152 
5619 365 246 247 1148 
5620 86 838 783 434 
5621 416 457 862 829 
5622 135 300 299 1153 
5623 416 862 373 829 
5624 83 362 365 653 
5625 238 191 306 1167 
5626 846 871 89 791 
5627 635 633 634 1157 
5628 437 423 384 790 
5629 114 281 113 1163 
5630 419 434 86 383 
5631 381 94 453 844 
5632 390 103 407 456 
5633 410 867 78 338 
5634 806 620 579 1100 
5635 507 509 508 1145 
5636 783 452 815 386 
5637 796 96 832 430 
5638 235 234 270 1118 
5639 403 431 362 831 
5640 846 385 89 418 
5641 373 862 83 829 
5642 91 766 850 431 
5643 784 444 389 820 
5644 440 688 104 780 
5645 448 379 102 398 
5646 861 78 867 338 
5647 103 842 456 791 
5648 767 93 396 435 
5649 559 544 759 1156 
5650 670 811 342 406 
5651 787 98 459 830 
5652 796 364 96 430 
5653 601 603 629 1120 
5654 257 256 255 1161 
5655 746 804 745 1147 
5656 644 645 643 1131 
5657 852 47 48 378 
5658 377 858 460 411 
5659 373 457 416 829 
5660 811 99 342 406 
5661 638 587 588 1093 
5662 720 718 721 1158 
5663 263 264 213 1087 
5664 457 106 778 668 
5665 393 835 696 445 
5666 271 98 387 787 
5667 806 617 777 1161 
5668 16 88 17 872 
5669 77 343 785 414 
5670 785 343 99 414 
5671 33 32 84 865 
5672 76 460 858 411 
5673 548 539 728 1166 
5674 83 862 373 416 
5675 772 454 80 380 
5676 645 644 646 1131 
5677 785 826 77 429 
5678 412 376 87 435 
5679 100 816 461 763 
5680 236 278 267 1137 
5681 588 808 638 1093 
5682 771 107 770 863 
5683 107 96 771 402 
5684 406 853 811 458 
5685 773 412 87 435 
5686 254 329 347 1159 
5687 778 106 385 425 
5688 418 257 255 1161 
5689 640 465 463 1118 
5690 81 21 441 781 
5691 21 81 381 781 
5692 381 453 22 781 
5693 458 840 99 785 
5694 79 60 437 384 
5695 376 396 93 435 
5696 454 770 80 863 
5697 831 652 362 653 
5698 81 20 388 441 
5699 436 839 101 788 
5700 811 99 406 458 
5701 377 76 858 411 
5702 410 436 861 338 
5703 391 270 88 449 
5704 784 97 19 802 
5705 626 732 834 1144 
5706 106 373 457 416 
5707 95 421 452 386 
5708 415 34 33 750 
5709 441 20 388 802 
5710 736 849 374 735 
5711 432 92 380 399 
5712 852 765 459 378 
5713 107 96 38 832 
5714 388 19 97 802 
5715 658 655 734 1155 
5716 78 861 867 736 
5717 430 85 364 420 
5718 460 13 76 858 
5719 783 86 25 386 
5720 432 34 92 750 
5721 867 436 861 410 
5722 415 92 34 750 
5723 95 27 26 452 
5724 59 79 786 390 
5725 79 60 59 437 
5726 852 48 766 378 
5727 342 85 670 406 
5728 94 869 782 453 
5729 734 428 658 1155 
5730 20 81 21 441 
5731 783 25 86 434 
5732 782 869 94 383 
5733 60 437 384 790 
5734 785 458 43 414 
5735 59 79 437 786 
5736 381 22 21 781 
5737 766 765 852 378 
5738 96 107 771 832 
5739 852 459 47 378 
5740 451 392 63 773 
5741 778 106 54 385 
5742 39 40 430 420 
5743 434 24 86 383 
5744 780 393 835 696 
5745 385 54 778 433 
5746 1 428 734 1155 
5747 87 63 392 773 
5748 434 782 24 383 
5749 56 57 791 408 
5750 36 80 870 380 
5751 87 64 63 773 
5752 26 452 783 386 
5753 789 61 105 790 
5754 452 26 95 386 
5755 61 105 62 789 
5756 48 91 766 378 
5757 92 415 277 750 
5758 390 58 103 456 
5759 384 105 61 790 
5760 791 57 103 408 
5761 783 25 26 386 
5762 782 23 94 453 
5763 440 694 82 375 
5764 786 58 59 390 
5765 766 91 49 431 
5766 379 73 72 810 
5767 662 658 428 1155 
5768 771 107 38 832 
5769 362 83 424 653 
5770 48 91 49 766 
5771 374 78 426 736 
5772 391 16 15 449 
5773 18 97 19 784 
5774 787 429 387 836 
5775 390 786 58 456 
5776 107 37 80 863 
5777 453 22 94 381 
5778 35 34 92 432 
5779 40 85 430 420 
5780 764 872 88 449 
5781 42 99 43 458 
5782 397 13 76 302 
5783 58 57 103 456 
5784 782 94 23 383 
5785 785 43 44 414 
5786 23 24 782 383 
5787 426 849 374 736 
5788 20 19 388 802 
5789 389 97 18 784 
5790 458 99 43 414 
5791 71 70 393 835 
5792 277 415 84 750 
5793 23 22 94 453 
5794 52 53 457 416 
5795 431 91 49 403 
5796 85 40 430 670 
5797 86 25 24 434 
5798 831 362 424 653 
5799 99 458 785 414 
5800 74 75 817 377 
5801 54 53 106 778 
5802 376 93 65 435 
5803 785 44 77 414 
5804 853 670 41 406 
5805 49 50 431 403 
5806 430 364 96 420 
5807 653 83 862 829 
5808 98 46 387 787 
5809 82 68 67 859 
5810 457 53 106 416 
5811 40 85 41 670 
5812 444 389 18 784 
5813 102 73 379 810 
5814 440 104 69 780 
5815 98 47 459 378 
5816 46 98 459 787 
5817 387 46 45 787 
5818 72 71 90 445 
5819 454 772 870 380 
5820 455 394 32 865 
5821 432 92 35 380 
5822 66 67 450 382 
5823 791 89 56 408 
5824 456 57 103 791 
5825 73 102 74 448 
5826 831 424 51 653 
5827 101 31 30 788 
5828 859 450 67 382 
5829 15 816 391 449 
5830 27 28 849 426 
5831 102 73 810 448 
5832 55 54 385 433 
5833 17 389 444 872 
5834 30 101 436 410 
5835 817 858 460 377 
5836 51 50 424 831 
5837 429 387 45 787 
5838 440 69 104 375 
5839 778 53 106 457 
5840 870 432 35 380 
5841 63 62 392 451 
5842 76 2 75 858 
5843 785 77 44 429 
5844 750 865 84 779 
5845 436 101 30 788 
5846 61 60 384 790 
5847 28 78 29 867 
5848 376 65 64 435 
5849 47 46 98 459 
5850 424 83 51 653 
5851 55 385 846 433 
5852 450 767 66 382 
5853 31 394 455 788 
5854 66 65 93 767 
5855 385 89 55 846 
5856 440 68 69 375 
5857 448 102 74 817 
5858 817 102 74 377 
5859 424 403 362 831 
5860 406 42 853 458 
5861 436 29 30 410 
5862 70 69 104 780 
5863 56 55 89 846 
5864 18 17 389 444 
5865 426 78 28 736 
5866 37 107 38 863 
5867 80 37 36 454 
5868 28 849 426 736 
5869 75 76 858 377 
5870 440 82 694 859 
5871 394 32 31 455 
5872 88 16 391 872 
5873 670 85 41 406 
5874 389 17 88 872 
5875 767 65 93 435 
5876 51 83 862 653 
5877 771 38 107 863 
5878 865 455 84 779 
5879 36 80 454 870 
5880 870 80 454 380 
5881 394 84 32 865 
5882 397 14 2 857 
5883 849 374 95 426 
5884 96 39 38 832 
5885 16 391 872 449 
5886 393 70 780 835 
5887 99 42 406 458 
5888 13 2 76 858 
5889 846 89 56 791 
5890 397 2 13 857 
5891 867 28 78 736 
5892 394 31 101 788 
5893 780 104 70 393 
5894 76 2 13 397 
5895 853 41 42 406 
5896 450 694 82 859 
5897 84 394 455 865 
5898 33 84 415 865 
5899 867 78 29 410 
5900 45 44 77 429 
5901 387 45 77 429 
5902 14 100 15 816 
5903 859 68 440 375 
5904 51 83 52 862 
5905 857 100 816 461 
5906 27 95 849 452 
5907 767 93 66 382 
5908 810 379 102 448 
5909 865 415 33 750 
5910 862 83 52 416 
5911 84 415 865 750 
5912 872 391 88 449 
5913 816 100 15 391 
5914 817 75 858 377 
5915 859 67 82 382 
5916 403 50 431 831 
5917 397 100 14 857 
5918 96 832 430 420 
5919 430 832 39 420 
5920 870 772 432 380 
5921 82 450 859 382 
5922 50 403 424 831 
5923 82 68 859 375 
5924 832 96 39 420 
5925 454 80 37 863 
5926 100 14 857 816 
5927 457 862 52 416 
5928 859 440 82 375 
5929 849 95 27 426 
5930 29 436 867 410 
5931 1101 1072 963 177 
5932 1101 963 1072 895 
5933 1081 799 442 9 
5934 1081 442 799 1000 
5935 1094 665 1016 485 
5936 1094 1016 665 933 
5937 1114 592 941 968 
5938 1114 941 592 593 
5939 1162 943 1063 954 
5940 1162 1063 943 890 
5941 1029 480 896 479 
5942 1029 896 480 1015 
5943 729 896 480 479 
5944 729 480 896 1015 
5945 589 796 274 402 
5946 1017 602 604 743 
5947 1017 604 602 953 
5948 1165 1008 888 1068 
5949 1165 888 1008 1051 
5950 896 479 730 1029 
5951 730 946 896 1029 
5952 896 946 730 1080 
5953 981 156 1049 308 
5954 981 1049 156 958 
5955 962 360 1092 210 
5956 962 1092 360 936 
5957 231 1092 360 210 
5958 958 154 1049 156 
5959 958 1049 154 929 
5960 896 729 730 479 
5961 896 730 729 1080 
5962 1165 146 1008 1068 
5963 1165 1008 146 145 
5964 1028 141 137 971 
5965 1028 137 141 313 
5966 1005 154 153 131 
5967 1005 153 154 929 
5968 979 1135 1104 891 
5969 1104 1135 979 934 
5970 969 564 1042 697 
5971 969 1042 564 945 
5972 1155 874 919 1058 
5973 1155 919 874 987 
5974 1090 276 1009 714 
5975 1090 1009 276 336 
5976 1084 874 904 972 
5977 1084 904 874 1058 
5978 1154 726 905 1041 
5979 1154 905 726 757 
5980 1132 1051 1106 321 
5981 1132 1106 1051 900 
5982 1133 1028 918 971 
5983 1133 918 1028 881 
5984 1097 346 1039 946 
5985 1097 1039 346 169 
5986 989 592 1003 775 
5987 989 1003 592 968 
5988 1016 657 814 860 
5989 1016 814 657 949 
5990 1116 1072 1081 911 
5991 1116 1081 1072 895 
5992 1022 112 925 948 
5993 1022 925 112 115 
5994 1061 1108 883 1035 
5995 883 1108 1061 984 
5996 1083 654 649 648 
5997 1083 649 654 987 
5998 1138 809 619 326 
5999 1138 619 809 756 
6000 727 229 631 338 
6001 727 631 229 1057 
6002 357 631 229 338 
6003 357 229 631 1057 
6004 949 492 1016 814 
6005 949 1016 492 930 
6006 679 1016 492 814 
6007 679 492 1016 930 
6008 609 357 735 631 
6009 609 735 357 260 
6010 674 983 529 837 
6011 529 983 674 975 
6012 693 1113 398 687 
6013 398 1113 693 261 
6014 1015 478 481 480 
6015 1015 481 478 942 
6016 1109 1136 768 760 
6017 768 1136 1109 901 
6018 768 964 1109 760 
6019 1109 964 768 901 
6020 1039 1097 1040 169 
6021 1040 1097 1039 896 
6022 1052 796 589 710 
6023 1052 589 796 274 
6024 1143 128 1084 129 
6025 1143 1084 128 904 
6026 1149 348 1112 150 
6027 1149 1112 348 986 
6028 1092 209 272 1044 
6029 1092 272 209 230 
6030 1004 201 176 940 
6031 1004 176 201 323 
6032 1003 1157 671 634 
6033 1003 671 1157 908 
6034 650 671 1157 634 
6035 650 1157 671 908 
6036 1052 360 1092 936 
6037 1052 1092 360 231 
6038 1069 295 296 237 
6039 1069 296 295 1027 
6040 1031 494 1054 747 
6041 1031 1054 494 952 
6042 1028 149 239 313 
6043 1028 239 149 967 
6044 1045 752 570 927 
6045 1045 570 752 572 
6046 1093 113 112 110 
6047 1093 112 113 948 
6048 1138 798 358 618 
6049 1138 358 798 367 
6050 422 358 798 618 
6051 422 798 358 367 
6052 1137 282 925 236 
6053 1137 925 282 1012 
6054 1088 491 490 489 
6055 1088 490 491 1031 
6056 1143 126 297 129 
6057 1143 297 126 972 
6058 1105 215 352 289 
6059 1105 352 215 1102 
6060 739 1087 838 616 
6061 413 838 1087 616 
6062 413 1087 838 263 
6063 1104 350 1065 339 
6064 1104 1065 350 986 
6065 486 1088 726 488 
6066 726 1088 486 943 
6067 1091 576 1148 999 
6068 1091 1148 576 612 
6069 1141 203 172 173 
6070 1141 172 203 950 
6071 1163 359 936 281 
6072 1163 936 359 991 
6073 1120 854 337 629 
6074 1120 337 854 268 
6075 1074 180 290 291 
6076 1074 290 180 1040 
6077 1087 419 838 263 
6078 1087 838 419 739 
6079 188 1138 325 324 
6080 325 1138 188 951 
6081 1110 1160 1164 958 
6082 1164 1160 1110 945 
6083 1089 691 799 447 
6084 1089 799 691 939 
6085 1132 321 322 163 
6086 1132 322 321 1106 
6087 1125 200 329 224 
6088 1125 329 200 959 
6089 417 798 1138 809 
6090 1138 798 417 367 
6091 259 1087 413 263 
6092 413 1087 259 1077 
6093 1059 1122 1056 912 
6094 1056 1122 1059 920 
6095 1161 207 955 256 
6096 1161 955 207 1100 
6097 752 1127 522 699 
6098 522 1127 752 1109 
6099 1081 651 442 1000 
6100 1081 442 651 8 
6101 1161 258 1091 257 
6102 1161 1091 258 998 
6103 8 1103 703 7 
6104 703 1103 8 1081 
6105 824 87 412 275 
6106 412 87 824 773 
6107 412 721 824 275 
6108 824 721 412 773 
6109 81 798 417 441 
6110 417 798 81 367 
6111 394 854 779 455 
6112 394 779 854 268 
6113 391 763 816 100 
6114 816 763 391 449 
6115 780 369 393 696 
6116 393 369 780 104 
6117 418 425 777 385 
6118 433 777 425 385 
6119 433 425 777 776 
6120 277 432 399 92 
6121 277 399 432 749 
6122 383 739 434 782 
6123 383 434 739 419 
6124 851 392 824 404 
6125 851 824 392 451 
6126 382 807 82 450 
6127 382 82 807 269 
6128 694 82 807 450 
6129 694 807 82 269 
6130 418 846 871 89 
6131 418 871 846 777 
6132 87 435 64 773 
6133 64 435 87 376 
6134 773 392 824 451 
6135 773 824 392 87 
6136 379 445 72 90 
6137 72 445 379 810 
6138 105 451 62 789 
6139 62 451 105 392 
6140 393 445 71 835 
6141 71 445 393 90 
6142 389 872 764 444 
6143 764 872 389 88 
6144 425 777 257 418 
6145 425 257 777 776 
$EndElements
